workload,system,variante,N,mode,seed,tenants_presentes,trabajo_identico,start_spread_s,tenants_exit_no_cero,tenants_incorrectos,jain_int,peor_slowdown_int,mediana_slowdown_int,ratio_lento_rapido_int,cv_int,cohort_time_int,jain_wall,peor_slowdown_wall,mediana_slowdown_wall,ratio_lento_rapido_wall,cv_wall,cohort_time_wall
babelstream,baremetal,,2,sync,00,2,True,0.0,0,0,1.0,2.242,2.237,1.004,0.0022,0.005,1.0,2.038,2.028,1.009,0.0046,21.966
babelstream,baremetal,,2,sync,01,2,True,0.0,0,0,1.0,2.245,2.243,1.002,0.001,0.005,1.0,2.038,2.038,1.0,0.0,21.966
babelstream,baremetal,,2,sync,02,2,True,0.0,0,0,0.9947,2.246,2.093,1.157,0.0728,0.005,1.0,2.038,2.038,1.0,0.0,21.967
babelstream,baremetal,,2,sync,03,2,True,0.0,0,0,0.9948,2.247,2.095,1.157,0.0726,0.005,1.0,2.038,2.038,1.0,0.0,21.966
babelstream,baremetal,,2,sync,04,2,True,0.0,0,0,0.9947,2.245,2.093,1.157,0.0728,0.005,1.0,2.038,2.038,1.0,0.0,21.966
babelstream,baremetal,,4,sync,00,4,True,0.001,0,0,0.9961,5.032,4.458,1.189,0.0625,0.012,1.0,3.976,3.976,1.005,0.0021,42.865
babelstream,baremetal,,4,sync,01,4,True,0.001,0,0,0.989,6.066,4.681,1.3,0.1053,0.014,1.0,3.957,3.948,1.005,0.0024,42.662
babelstream,baremetal,,4,sync,02,4,True,0.002,0,0,0.9981,5.249,4.862,1.111,0.0434,0.013,1.0,3.957,3.957,1.005,0.0021,42.661
babelstream,baremetal,,4,sync,03,4,True,0.001,0,0,0.9989,5.205,5.002,1.097,0.0332,0.012,1.0,3.957,3.957,1.0,0.0,42.659
babelstream,baremetal,,4,sync,04,4,True,0.001,0,0,0.9991,4.473,4.167,1.074,0.0303,0.011,1.0,3.976,3.957,1.005,0.0021,42.864
babelstream,baremetal,,8,stagger,20,8,True,14.018,0,0,0.9934,8.239,7.952,1.284,0.0814,0.02,0.9883,6.739,6.569,1.371,0.1086,72.649
babelstream,baremetal,,8,stagger,21,8,True,14.026,0,0,0.9844,8.808,8.035,1.502,0.1257,0.021,0.9882,6.755,6.579,1.374,0.1094,72.822
babelstream,baremetal,,8,stagger,22,8,True,14.008,0,0,0.9916,8.602,8.287,1.326,0.0921,0.021,0.9886,6.741,6.577,1.366,0.1072,72.674
babelstream,baremetal,,8,stagger,23,8,True,14.02,0,0,0.9942,8.315,7.834,1.274,0.0762,0.02,0.9884,6.761,6.597,1.37,0.1081,72.883
babelstream,baremetal,,8,stagger,24,8,True,14.011,0,0,0.9846,9.402,8.074,1.544,0.125,0.022,0.9883,6.741,6.578,1.372,0.1089,72.672
babelstream,baremetal,,8,stagger0p009,30,8,True,0.065,0,0,0.9942,10.045,9.29,1.256,0.0766,0.024,1.0,7.81,7.79,1.017,0.005,84.196
babelstream,baremetal,,8,stagger0p009,31,8,True,0.085,0,0,0.9993,8.988,8.675,1.075,0.0272,0.021,1.0,7.806,7.789,1.014,0.0042,84.149
babelstream,baremetal,,8,stagger0p009,32,8,True,0.085,0,0,0.9976,10.452,9.543,1.154,0.0486,0.025,1.0,7.808,7.789,1.009,0.0025,84.176
babelstream,baremetal,,8,stagger0p019,30,8,True,0.148,0,0,0.9945,10.812,9.066,1.223,0.0741,0.026,1.0,7.787,7.76,1.016,0.0049,83.946
babelstream,baremetal,,8,stagger0p019,31,8,True,0.149,0,0,0.9994,10.524,10.025,1.07,0.0243,0.025,1.0,7.768,7.757,1.009,0.0037,83.74
babelstream,baremetal,,8,stagger0p019,32,8,True,0.126,0,0,0.9987,11.018,9.975,1.141,0.0366,0.026,1.0,7.767,7.742,1.009,0.0027,83.734
babelstream,baremetal,,8,stagger0p037,30,8,True,0.253,0,0,0.993,10.116,9.2,1.279,0.0842,0.024,0.9999,7.755,7.729,1.033,0.0122,83.602
babelstream,baremetal,,8,stagger0p037,31,8,True,0.275,0,0,0.9968,10.139,9.026,1.187,0.0563,0.024,0.9998,7.754,7.729,1.036,0.014,83.592
babelstream,baremetal,,8,stagger0p037,32,8,True,0.255,0,0,0.998,10.306,9.803,1.155,0.0444,0.025,0.9999,7.73,7.705,1.018,0.0071,83.334
babelstream,baremetal,,8,stagger0p075,30,8,True,0.525,0,0,0.9931,10.968,8.891,1.284,0.0836,0.026,0.9997,7.708,7.684,1.054,0.0182,83.096
babelstream,baremetal,,8,stagger0p075,31,8,True,0.549,0,0,0.9965,10.534,9.417,1.192,0.0593,0.025,0.9997,7.708,7.672,1.048,0.0164,83.093
babelstream,baremetal,,8,stagger0p075,32,8,True,0.529,0,0,0.9971,9.832,9.27,1.185,0.0541,0.023,0.9996,7.706,7.672,1.065,0.0209,83.077
babelstream,baremetal,,8,stagger0p15,30,8,True,1.054,0,0,0.996,10.381,9.145,1.216,0.0631,0.025,0.9997,7.652,7.63,1.052,0.0175,82.493
babelstream,baremetal,,8,stagger0p15,31,8,True,1.054,0,0,0.9943,9.952,9.449,1.258,0.0758,0.024,0.9994,7.652,7.636,1.074,0.0241,82.494
babelstream,baremetal,,8,stagger0p15,32,8,True,1.053,0,0,0.9973,9.955,9.63,1.16,0.0518,0.024,0.9998,7.654,7.612,1.045,0.0155,82.514
babelstream,baremetal,,8,stagger0p5,30,8,True,3.509,0,0,0.9947,10.38,9.077,1.249,0.0731,0.025,0.9994,7.467,7.41,1.079,0.0241,80.496
babelstream,baremetal,,8,stagger0p5,31,8,True,3.508,0,0,0.998,9.753,9.421,1.153,0.0453,0.023,0.9994,7.466,7.43,1.079,0.0245,80.49
babelstream,baremetal,,8,stagger0p5,32,8,True,3.502,0,0,0.9927,10.435,8.832,1.345,0.0855,0.025,0.9994,7.464,7.414,1.078,0.0239,80.46
babelstream,baremetal,,8,sync,00,8,True,0.001,0,0,0.998,10.493,9.491,1.188,0.045,0.025,1.0,7.815,7.796,1.007,0.0026,84.245
babelstream,baremetal,,8,sync,01,8,True,0.002,0,0,0.9934,11.547,8.877,1.338,0.0815,0.028,1.0,7.814,7.795,1.012,0.004,84.24
babelstream,baremetal,,8,sync,02,8,True,0.001,0,0,0.9965,10.207,9.372,1.186,0.0597,0.024,1.0,7.795,7.777,1.007,0.0029,84.037
babelstream,baremetal,,8,sync,03,8,True,0.001,0,0,0.9972,9.488,8.965,1.179,0.0534,0.023,1.0,7.814,7.814,1.015,0.0049,84.234
babelstream,baremetal,,8,sync,04,8,True,0.002,0,0,0.9979,10.558,9.697,1.16,0.0457,0.025,1.0,7.815,7.815,1.007,0.0027,84.251
babelstream,baremetal_mps,,2,sync,00,2,True,0.0,0,0,0.9994,1.671,1.63,1.051,0.0247,0.004,1.0,1.904,1.904,1.0,0.0,20.137
babelstream,baremetal_mps,,2,sync,01,2,True,0.0,0,0,1.0,1.672,1.671,1.002,0.0008,0.004,1.0,1.904,1.894,1.01,0.0051,20.136
babelstream,baremetal_mps,,2,sync,02,2,True,0.0,0,0,1.0,1.994,1.991,1.003,0.0015,0.005,1.0,1.903,1.903,1.0,0.0,20.133
babelstream,baremetal_mps,,2,sync,03,2,True,0.0,0,0,1.0,1.994,1.991,1.003,0.0015,0.005,1.0,1.904,1.904,1.0,0.0,20.137
babelstream,baremetal_mps,,2,sync,04,2,True,0.0,0,0,1.0,1.67,1.669,1.001,0.0003,0.004,1.0,1.903,1.894,1.01,0.0051,20.134
babelstream,baremetal_mps,,4,sync,00,4,True,0.001,0,0,0.9936,3.594,3.59,1.196,0.0805,0.009,1.0,3.707,3.706,1.005,0.0023,39.21
babelstream,baremetal_mps,,4,sync,01,4,True,0.001,0,0,0.9999,3.331,3.306,1.018,0.008,0.008,1.0,3.706,3.697,1.005,0.0026,39.206
babelstream,baremetal_mps,,4,sync,02,4,True,0.021,0,0,1.0,3.983,3.978,1.003,0.0013,0.009,1.0,3.688,3.685,1.005,0.0021,39.008
babelstream,baremetal_mps,,4,sync,03,4,True,0.001,0,0,1.0,3.993,3.983,1.005,0.0016,0.01,1.0,3.688,3.688,1.0,0.0,39.008
babelstream,baremetal_mps,,4,sync,04,4,True,0.001,0,0,0.988,3.657,3.652,1.273,0.1102,0.009,1.0,3.706,3.706,1.005,0.0023,39.204
babelstream,baremetal_mps,,8,stagger,20,8,True,14.004,0,0,0.9828,6.595,5.936,1.459,0.1324,0.016,0.9905,6.275,6.107,1.335,0.0977,66.381
babelstream,baremetal_mps,,8,stagger,21,8,True,14.026,0,0,0.9899,5.732,5.313,1.372,0.1012,0.014,0.9884,6.269,6.101,1.372,0.1084,66.319
babelstream,baremetal_mps,,8,stagger,22,8,True,14.002,0,0,0.9854,6.219,5.831,1.415,0.1216,0.015,0.9885,6.256,6.098,1.369,0.1078,66.181
babelstream,baremetal_mps,,8,stagger,23,8,True,14.02,0,0,0.9845,6.243,5.584,1.46,0.1255,0.015,0.9881,6.254,6.1,1.375,0.1095,66.157
babelstream,baremetal_mps,,8,stagger,24,8,True,14.02,0,0,0.9855,6.253,5.458,1.462,0.1215,0.015,0.9881,6.257,6.099,1.376,0.1096,66.19
babelstream,baremetal_mps,,8,sync,00,8,True,0.002,0,0,0.9937,7.581,7.248,1.259,0.0795,0.018,1.0,7.309,7.3,1.008,0.0029,77.321
babelstream,baremetal_mps,,8,sync,01,8,True,0.001,0,0,0.9896,7.971,7.333,1.335,0.1026,0.019,1.0,7.31,7.301,1.011,0.0034,77.331
babelstream,baremetal_mps,,8,sync,02,8,True,0.002,0,0,0.9934,7.331,6.937,1.247,0.0814,0.017,1.0,7.291,7.29,1.011,0.0036,77.122
babelstream,baremetal_mps,,8,sync,03,8,True,0.002,0,0,0.9907,7.979,7.653,1.339,0.0967,0.019,1.0,7.29,7.28,1.008,0.0032,77.112
babelstream,baremetal_mps,,8,sync,04,8,True,0.002,0,0,0.9991,6.305,6.2,1.08,0.0296,0.015,1.0,7.31,7.309,1.005,0.0019,77.323
babelstream,gusto_am,,2,sync,00,2,True,0.0,0,0,0.9994,1.646,1.607,1.049,0.0239,0.004,1.0,1.783,1.783,1.0,0.0,21.764
babelstream,gusto_am,,2,sync,01,2,True,0.0,0,0,1.0,1.968,1.968,1.001,0.0003,0.005,1.0,1.783,1.783,1.0,0.0,21.765
babelstream,gusto_am,,2,sync,02,2,True,0.0,0,0,0.9994,1.651,1.613,1.049,0.024,0.004,1.0,1.783,1.783,1.0,0.0,21.768
babelstream,gusto_am,,2,sync,03,2,True,0.0,0,0,1.0,1.975,1.974,1.001,0.0004,0.005,1.0,1.783,1.783,1.0,0.0,21.762
babelstream,gusto_am,,2,sync,04,2,True,0.0,0,0,1.0,1.976,1.976,1.001,0.0003,0.005,1.0,1.783,1.783,1.0,0.0,21.764
babelstream,gusto_am,,4,sync,00,4,True,0.001,0,0,0.9926,3.633,3.615,1.214,0.0865,0.009,1.0,3.346,3.337,1.005,0.0025,40.841
babelstream,gusto_am,,4,sync,01,4,True,0.0,0,0,0.9974,3.236,3.072,1.109,0.0507,0.008,1.0,3.363,3.363,1.005,0.0021,41.048
babelstream,gusto_am,,4,sync,02,4,True,0.001,0,0,0.9882,3.62,3.612,1.271,0.1092,0.009,1.0,3.379,3.346,1.02,0.0071,41.249
babelstream,gusto_am,,4,sync,03,4,True,0.001,0,0,0.9994,3.306,3.222,1.052,0.024,0.008,0.9999,3.378,3.345,1.025,0.0096,41.236
babelstream,gusto_am,,4,sync,04,4,True,0.0,0,0,0.9973,3.236,3.075,1.111,0.0521,0.008,1.0,3.379,3.345,1.015,0.0064,41.243
babelstream,gusto_am,,8,stagger,20,8,True,14.027,0,0,0.9902,6.241,5.749,1.387,0.0997,0.015,0.9888,5.725,5.578,1.366,0.1063,69.881
babelstream,gusto_am,,8,stagger,21,8,True,14.013,0,0,0.9773,6.28,5.678,1.596,0.1526,0.015,0.9884,5.721,5.568,1.376,0.1085,69.833
babelstream,gusto_am,,8,stagger,22,8,True,13.994,0,0,0.9846,5.93,5.629,1.446,0.1249,0.014,0.9918,5.689,5.555,1.304,0.0911,69.448
babelstream,gusto_am,,8,stagger,23,8,True,14.003,0,0,0.9911,6.405,5.974,1.349,0.0947,0.015,0.9899,5.689,5.544,1.341,0.1011,69.443
babelstream,gusto_am,,8,stagger,24,8,True,14.018,0,0,0.9908,5.815,5.382,1.358,0.0965,0.014,0.99,5.704,5.576,1.339,0.1005,69.632
babelstream,gusto_am,,8,stagger0p009,30,8,True,0.085,0,0,0.9968,6.922,6.362,1.199,0.057,0.017,0.9998,6.583,6.496,1.045,0.0134,80.355
babelstream,gusto_am,,8,stagger0p009,31,8,True,0.065,0,0,0.9919,7.213,6.76,1.296,0.0905,0.017,0.9996,6.6,6.52,1.059,0.0196,80.559
babelstream,gusto_am,,8,stagger0p009,32,8,True,0.064,0,0,0.9883,6.962,6.906,1.258,0.1087,0.017,0.9998,6.598,6.516,1.036,0.0125,80.534
babelstream,gusto_am,,8,stagger0p019,30,8,True,0.127,0,0,0.9926,6.804,6.773,1.238,0.0864,0.016,0.9997,6.539,6.519,1.058,0.018,79.823
babelstream,gusto_am,,8,stagger0p019,31,8,True,0.127,0,0,0.9903,7.448,7.198,1.287,0.0992,0.018,0.9998,6.561,6.511,1.05,0.0154,80.083
babelstream,gusto_am,,8,stagger0p019,32,8,True,0.127,0,0,0.9994,6.151,6.002,1.071,0.0242,0.015,1.0,6.525,6.495,1.014,0.0044,79.649
babelstream,gusto_am,,8,stagger0p037,30,8,True,0.275,0,0,0.9954,7.243,6.681,1.252,0.0683,0.017,1.0,6.544,6.503,1.011,0.0035,79.878
babelstream,gusto_am,,8,stagger0p037,31,8,True,0.275,0,0,1.0,7.914,7.851,1.024,0.0071,0.019,0.9998,6.525,6.477,1.048,0.014,79.644
babelstream,gusto_am,,8,stagger0p037,32,8,True,0.275,0,0,0.996,7.549,7.105,1.197,0.0637,0.018,1.0,6.549,6.497,1.018,0.0053,79.947
babelstream,gusto_am,,8,stagger0p075,30,8,True,0.547,0,0,0.9905,7.414,7.109,1.293,0.0981,0.018,0.9997,6.512,6.495,1.054,0.0168,79.486
babelstream,gusto_am,,8,stagger0p075,31,8,True,0.526,0,0,0.9988,6.275,6.083,1.121,0.0349,0.015,0.9994,6.542,6.511,1.06,0.024,79.854
babelstream,gusto_am,,8,stagger0p075,32,8,True,0.549,0,0,0.9953,6.867,6.798,1.195,0.0684,0.016,1.0,6.542,6.502,1.02,0.0065,79.856
babelstream,gusto_am,,8,stagger0p15,30,8,True,1.057,0,0,0.998,6.308,5.824,1.135,0.045,0.015,0.9997,6.466,6.445,1.058,0.0182,78.925
babelstream,gusto_am,,8,stagger0p15,31,8,True,1.055,0,0,0.9945,6.821,6.241,1.23,0.0746,0.016,0.9995,6.477,6.445,1.068,0.0227,79.063
babelstream,gusto_am,,8,stagger0p15,32,8,True,1.056,0,0,0.9913,7.669,7.189,1.343,0.0937,0.018,0.9998,6.48,6.444,1.051,0.0156,79.101
babelstream,gusto_am,,8,stagger0p5,30,8,True,3.513,0,0,0.9927,7.119,6.737,1.273,0.0859,0.017,0.9994,6.364,6.298,1.079,0.0245,77.682
babelstream,gusto_am,,8,stagger0p5,31,8,True,3.516,0,0,0.9994,6.801,6.494,1.092,0.0255,0.016,0.9993,6.314,6.247,1.089,0.0269,77.069
babelstream,gusto_am,,8,stagger0p5,32,8,True,3.493,0,0,0.9992,6.674,6.364,1.101,0.0288,0.016,0.9994,6.299,6.251,1.081,0.0252,76.886
babelstream,gusto_am,,8,sync,00,8,True,0.001,0,0,0.9943,6.763,6.169,1.261,0.0758,0.016,0.9998,6.599,6.549,1.05,0.0157,80.549
babelstream,gusto_am,,8,sync,01,8,True,0.001,0,0,0.9965,7.195,6.341,1.223,0.059,0.017,1.0,6.581,6.523,1.018,0.0055,80.333
babelstream,gusto_am,,8,sync,02,8,True,0.002,0,0,0.9886,7.602,7.498,1.35,0.1072,0.018,0.9999,6.584,6.534,1.034,0.0116,80.368
babelstream,gusto_am,,8,sync,03,8,True,0.001,0,0,0.9977,6.566,6.243,1.122,0.0481,0.016,0.9998,6.617,6.559,1.045,0.0136,80.771
babelstream,gusto_am,,8,sync,04,8,True,0.002,0,0,0.9834,7.265,7.165,1.397,0.1298,0.017,0.9999,6.6,6.541,1.031,0.0118,80.563
babelstream,tcp,,2,sync,00,2,True,0.0,0,0,1.0,1.741,1.739,1.002,0.0012,0.005,1.0,1.932,1.932,1.0,0.0,29.085
babelstream,tcp,,2,sync,01,2,True,0.0,0,0,1.0,1.716,1.708,1.009,0.0045,0.005,1.0,1.973,1.967,1.007,0.0035,29.702
babelstream,tcp,,2,sync,02,2,True,0.0,0,0,0.9999,1.785,1.764,1.024,0.0119,0.005,0.9993,1.892,1.844,1.053,0.0257,28.47
babelstream,tcp,,2,sync,03,2,True,0.0,0,0,1.0,1.811,1.805,1.007,0.0037,0.005,0.9998,1.932,1.905,1.029,0.0142,29.08
babelstream,tcp,,2,sync,04,2,True,0.0,0,0,1.0,1.828,1.818,1.011,0.0054,0.005,0.9993,2.027,1.973,1.056,0.0274,30.507
babelstream,tcp,,4,sync,00,4,True,0.001,0,0,0.9928,3.566,3.307,1.252,0.0853,0.009,0.9961,3.433,3.378,1.16,0.0628,51.661
babelstream,tcp,,4,sync,01,4,True,0.001,0,0,0.9979,3.383,3.049,1.124,0.0459,0.009,0.9996,3.487,3.358,1.053,0.0195,52.478
babelstream,tcp,,4,sync,02,4,True,0.0,0,0,0.9997,3.184,3.067,1.049,0.0185,0.008,0.9999,3.716,3.689,1.026,0.0099,55.927
babelstream,tcp,,4,sync,03,4,True,0.001,0,0,0.9981,3.311,3.138,1.12,0.0441,0.009,0.9989,3.513,3.452,1.088,0.033,52.871
babelstream,tcp,,4,sync,04,4,True,0.001,0,0,0.9964,3.383,3.172,1.179,0.0597,0.009,0.9923,3.419,3.325,1.234,0.0882,51.462
babelstream,tcp,,8,stagger,20,8,True,14.027,0,0,0.993,5.652,5.288,1.278,0.0839,0.015,0.995,5.536,5.194,1.258,0.0712,83.317
babelstream,tcp,,8,stagger,21,8,True,14.016,0,0,0.99,5.909,5.52,1.358,0.1007,0.016,0.9902,5.978,5.58,1.326,0.0997,89.968
babelstream,tcp,,8,stagger,22,8,True,14.005,0,0,0.9923,5.422,5.223,1.294,0.0878,0.014,0.9886,5.283,4.953,1.35,0.1073,79.512
babelstream,tcp,,8,stagger,23,8,True,14.009,0,0,0.99,5.585,5.12,1.377,0.1005,0.015,0.9902,5.594,5.074,1.358,0.0994,84.19
babelstream,tcp,,8,stagger,24,8,True,14.016,0,0,0.9872,5.316,5.103,1.399,0.114,0.014,0.987,5.009,4.716,1.41,0.1146,75.384
babelstream,tcp,,8,sync,00,8,True,0.001,0,0,0.9999,5.944,5.763,1.036,0.0122,0.016,0.9996,6.487,6.379,1.06,0.0193,97.632
babelstream,tcp,,8,sync,01,8,True,0.021,0,0,0.9996,5.902,5.75,1.055,0.0191,0.016,0.9945,6.311,6.116,1.259,0.0742,94.98
babelstream,tcp,,8,sync,02,8,True,0.001,0,0,0.9997,5.96,5.743,1.049,0.0174,0.016,0.9984,6.473,6.318,1.111,0.0394,97.423
babelstream,tcp,,8,sync,03,8,True,0.001,0,0,0.9996,6.012,5.753,1.069,0.0194,0.016,0.9986,6.378,6.237,1.128,0.0378,95.997
babelstream,tcp,,8,sync,04,8,True,0.001,0,0,0.9955,6.321,5.861,1.218,0.0674,0.017,0.9948,6.689,6.203,1.241,0.0725,100.673
babelstream,tcp,final,2,sync,00,2,True,0.0,0,0,1.0,1.741,1.739,1.002,0.0012,0.005,1.0,1.932,1.932,1.0,0.0,29.085
babelstream,tcp,final,2,sync,01,2,True,0.0,0,0,1.0,1.716,1.708,1.009,0.0045,0.005,1.0,1.973,1.967,1.007,0.0035,29.702
babelstream,tcp,final,2,sync,02,2,True,0.0,0,0,0.9999,1.785,1.764,1.024,0.0119,0.005,0.9993,1.892,1.844,1.053,0.0257,28.47
babelstream,tcp,final,2,sync,03,2,True,0.0,0,0,1.0,1.811,1.805,1.007,0.0037,0.005,0.9998,1.932,1.905,1.029,0.0142,29.08
babelstream,tcp,final,2,sync,04,2,True,0.0,0,0,1.0,1.828,1.818,1.011,0.0054,0.005,0.9993,2.027,1.973,1.056,0.0274,30.507
babelstream,tcp,final,4,sync,00,4,True,0.001,0,0,0.9928,3.566,3.307,1.252,0.0853,0.009,0.9961,3.433,3.378,1.16,0.0628,51.661
babelstream,tcp,final,4,sync,01,4,True,0.001,0,0,0.9979,3.383,3.049,1.124,0.0459,0.009,0.9996,3.487,3.358,1.053,0.0195,52.478
babelstream,tcp,final,4,sync,02,4,True,0.0,0,0,0.9997,3.184,3.067,1.049,0.0185,0.008,0.9999,3.716,3.689,1.026,0.0099,55.927
babelstream,tcp,final,4,sync,03,4,True,0.001,0,0,0.9981,3.311,3.138,1.12,0.0441,0.009,0.9989,3.513,3.452,1.088,0.033,52.871
babelstream,tcp,final,4,sync,04,4,True,0.001,0,0,0.9964,3.383,3.172,1.179,0.0597,0.009,0.9923,3.419,3.325,1.234,0.0882,51.462
babelstream,tcp,final,8,stagger,20,8,True,14.027,0,0,0.993,5.652,5.288,1.278,0.0839,0.015,0.995,5.536,5.194,1.258,0.0712,83.317
babelstream,tcp,final,8,stagger,21,8,True,14.016,0,0,0.99,5.909,5.52,1.358,0.1007,0.016,0.9902,5.978,5.58,1.326,0.0997,89.968
babelstream,tcp,final,8,stagger,22,8,True,14.005,0,0,0.9923,5.422,5.223,1.294,0.0878,0.014,0.9886,5.283,4.953,1.35,0.1073,79.512
babelstream,tcp,final,8,stagger,23,8,True,14.009,0,0,0.99,5.585,5.12,1.377,0.1005,0.015,0.9902,5.594,5.074,1.358,0.0994,84.19
babelstream,tcp,final,8,stagger,24,8,True,14.016,0,0,0.9872,5.316,5.103,1.399,0.114,0.014,0.987,5.009,4.716,1.41,0.1146,75.384
babelstream,tcp,final,8,sync,00,8,True,0.001,0,0,0.9999,5.944,5.763,1.036,0.0122,0.016,0.9996,6.487,6.379,1.06,0.0193,97.632
babelstream,tcp,final,8,sync,01,8,True,0.021,0,0,0.9996,5.902,5.75,1.055,0.0191,0.016,0.9945,6.311,6.116,1.259,0.0742,94.98
babelstream,tcp,final,8,sync,02,8,True,0.001,0,0,0.9997,5.96,5.743,1.049,0.0174,0.016,0.9984,6.473,6.318,1.111,0.0394,97.423
babelstream,tcp,final,8,sync,03,8,True,0.001,0,0,0.9996,6.012,5.753,1.069,0.0194,0.016,0.9986,6.378,6.237,1.128,0.0378,95.997
babelstream,tcp,final,8,sync,04,8,True,0.001,0,0,0.9955,6.321,5.861,1.218,0.0674,0.017,0.9948,6.689,6.203,1.241,0.0725,100.673
babelstream,tcp,modoff,2,sync,00,2,True,0.0,0,0,1.0,1.634,1.623,1.013,0.0066,0.004,0.9987,1.611,1.556,1.074,0.0357,41.289
babelstream,tcp,modoff,2,sync,01,2,True,0.0,0,0,1.0,1.666,1.661,1.007,0.0033,0.004,1.0,1.548,1.544,1.005,0.0026,39.663
babelstream,tcp,modoff,2,sync,02,2,True,0.0,0,0,1.0,1.679,1.67,1.011,0.0055,0.004,0.9945,1.484,1.381,1.161,0.0747,38.045
babelstream,tcp,modoff,2,sync,03,2,True,0.0,0,0,0.9999,1.714,1.699,1.018,0.0089,0.004,0.9985,1.58,1.52,1.082,0.0392,40.482
babelstream,tcp,modoff,2,sync,04,2,True,0.0,0,0,1.0,1.67,1.666,1.005,0.0023,0.004,0.9981,1.619,1.552,1.091,0.0435,41.495
babelstream,tcp,modoff,4,sync,00,4,True,0.001,0,0,0.9759,4.219,3.682,1.447,0.1571,0.011,0.9852,3.024,2.782,1.356,0.1224,77.508
babelstream,tcp,modoff,4,sync,01,4,True,0.021,0,0,0.9837,4.028,3.559,1.323,0.1286,0.01,0.9905,3.087,2.877,1.271,0.098,79.111
babelstream,tcp,modoff,4,sync,02,4,True,0.001,0,0,0.9847,4.098,3.357,1.426,0.1246,0.01,0.981,2.953,2.755,1.404,0.1391,75.685
babelstream,tcp,modoff,4,sync,03,4,True,0.001,0,0,0.9934,3.834,3.269,1.259,0.0818,0.01,0.994,2.81,2.595,1.229,0.0775,72.008
babelstream,tcp,modoff,4,sync,04,4,True,0.001,0,0,0.9964,3.505,3.294,1.148,0.0598,0.009,0.9887,2.834,2.707,1.293,0.1069,72.624
babelstream,tcp,modoff,8,stagger,20,8,True,14.01,0,0,0.9752,7.434,6.352,1.656,0.1594,0.019,0.9682,4.71,4.368,1.692,0.1813,120.699
babelstream,tcp,modoff,8,stagger,21,8,True,14.02,0,0,0.9829,6.529,5.938,1.519,0.1318,0.016,0.9575,4.468,4.31,1.757,0.2106,114.512
babelstream,tcp,modoff,8,stagger,22,8,True,14.018,0,0,0.9627,7.364,6.062,1.819,0.1969,0.018,0.953,4.57,4.268,1.786,0.2221,117.123
babelstream,tcp,modoff,8,stagger,23,8,True,14.022,0,0,0.9616,8.308,6.049,1.98,0.1998,0.021,0.9721,4.363,3.807,1.644,0.1694,111.807
babelstream,tcp,modoff,8,stagger,24,8,True,13.992,0,0,0.971,7.277,5.491,1.719,0.1728,0.018,0.9522,4.551,4.13,1.877,0.224,116.628
babelstream,tcp,modoff,8,sync,00,8,True,0.021,0,0,0.9951,7.155,6.357,1.253,0.0701,0.018,0.9874,5.573,5.33,1.401,0.1128,142.821
babelstream,tcp,modoff,8,sync,01,8,True,0.001,0,0,0.9969,7.009,6.281,1.186,0.0556,0.017,0.9923,5.39,5.156,1.298,0.0883,138.148
babelstream,tcp,modoff,8,sync,02,8,True,0.021,0,0,0.9849,7.754,6.59,1.407,0.1239,0.019,0.9861,5.358,5.064,1.383,0.1187,137.311
babelstream,tcp,modoff,8,sync,03,8,True,0.002,0,0,0.9978,6.792,6.091,1.14,0.0467,0.017,0.9978,5.279,5.08,1.159,0.0466,135.291
babelstream,tcp,modoff,8,sync,04,8,True,0.001,0,0,0.9953,6.968,6.489,1.221,0.069,0.017,0.9911,5.033,4.902,1.318,0.0948,128.991
babelstream,ucx_host_rma,,2,sync,00,2,True,0.0,0,0,0.9994,1.66,1.621,1.05,0.0243,0.004,1.0,1.8,1.791,1.009,0.0047,21.968
babelstream,ucx_host_rma,,2,sync,01,2,True,0.0,0,0,1.0,1.984,1.981,1.002,0.0012,0.005,1.0,1.816,1.808,1.009,0.0046,22.169
babelstream,ucx_host_rma,,2,sync,02,2,True,0.0,0,0,1.0,1.975,1.973,1.001,0.0006,0.005,1.0,1.8,1.8,1.0,0.0,21.972
babelstream,ucx_host_rma,,2,sync,03,2,True,0.0,0,0,1.0,1.982,1.981,1.001,0.0006,0.005,1.0,1.8,1.8,1.0,0.0,21.968
babelstream,ucx_host_rma,,2,sync,04,2,True,0.0,0,0,1.0,1.982,1.981,1.001,0.0006,0.005,1.0,1.799,1.799,1.0,0.0,21.968
babelstream,ucx_host_rma,,4,sync,00,4,True,0.001,0,0,0.9995,3.315,3.241,1.047,0.0223,0.008,1.0,3.379,3.37,1.01,0.0041,41.245
babelstream,ucx_host_rma,,4,sync,01,4,True,0.0,0,0,1.0,3.969,3.965,1.003,0.0011,0.01,1.0,3.462,3.445,1.01,0.0048,42.266
babelstream,ucx_host_rma,,4,sync,02,4,True,0.0,0,0,0.9845,3.632,3.625,1.314,0.1256,0.009,1.0,3.428,3.412,1.01,0.0034,41.852
babelstream,ucx_host_rma,,4,sync,03,4,True,0.001,0,0,0.9999,3.322,3.315,1.026,0.0106,0.008,1.0,3.428,3.412,1.01,0.0035,41.851
babelstream,ucx_host_rma,,4,sync,04,4,True,0.0,0,0,1.0,3.974,3.973,1.003,0.001,0.01,1.0,3.428,3.428,1.005,0.0021,41.852
babelstream,ucx_host_rma,,8,stagger,20,8,True,14.007,0,0,0.9814,6.18,5.844,1.504,0.1375,0.015,0.9893,5.772,5.622,1.356,0.1038,70.462
babelstream,ucx_host_rma,,8,stagger,21,8,True,14.017,0,0,0.9865,6.282,5.847,1.444,0.1171,0.015,0.9902,5.748,5.603,1.335,0.0997,70.173
babelstream,ucx_host_rma,,8,stagger,22,8,True,14.011,0,0,0.9816,6.499,5.968,1.501,0.1368,0.016,0.9909,5.75,5.596,1.325,0.0961,70.19
babelstream,ucx_host_rma,,8,stagger,23,8,True,14.01,0,0,0.9824,6.15,5.812,1.488,0.1338,0.015,0.9892,5.721,5.584,1.354,0.1046,69.844
babelstream,ucx_host_rma,,8,stagger,24,8,True,13.999,0,0,0.9868,6.463,6.159,1.408,0.1158,0.015,0.99,5.719,5.582,1.336,0.1007,69.811
babelstream,ucx_host_rma,,8,sync,00,8,True,0.002,0,0,0.9892,7.173,6.824,1.284,0.1044,0.017,0.9999,6.599,6.582,1.034,0.0112,80.555
babelstream,ucx_host_rma,,8,sync,01,8,True,0.002,0,0,0.9983,7.482,6.704,1.174,0.041,0.018,1.0,6.617,6.608,1.015,0.0049,80.775
babelstream,ucx_host_rma,,8,sync,02,8,True,0.002,0,0,0.989,7.602,7.59,1.333,0.1053,0.018,1.0,6.684,6.65,1.013,0.0042,81.594
babelstream,ucx_host_rma,,8,sync,03,8,True,0.001,0,0,0.9971,6.643,6.603,1.168,0.0537,0.016,1.0,6.633,6.608,1.015,0.0047,80.978
babelstream,ucx_host_rma,,8,sync,04,8,True,0.002,0,0,1.0,7.948,7.939,1.002,0.0009,0.019,1.0,6.667,6.651,1.01,0.0035,81.393
cloverleaf,baremetal,,2,sync,00,2,False,0.0,0,0,missing,missing,missing,missing,missing,,1.0,2.168,2.168,1.0,0.0,28.673
cloverleaf,baremetal,,2,sync,01,2,False,0.0,0,0,missing,missing,missing,missing,missing,,1.0,2.184,2.184,1.0,0.0,28.881
cloverleaf,baremetal,,2,sync,02,2,False,0.0,0,0,missing,missing,missing,missing,missing,,1.0,2.169,2.169,1.0,0.0,28.676
cloverleaf,baremetal,,2,sync,03,2,False,0.0,0,0,missing,missing,missing,missing,missing,,1.0,2.169,2.169,1.0,0.0,28.677
cloverleaf,baremetal,,2,sync,04,2,False,0.0,0,0,missing,missing,missing,missing,missing,,1.0,2.184,2.184,1.0,0.0,28.878
cloverleaf,baremetal,,4,sync,00,4,False,0.001,0,0,missing,missing,missing,missing,missing,,1.0,4.333,4.333,1.004,0.0015,57.296
cloverleaf,baremetal,,4,sync,01,4,False,0.001,0,0,missing,missing,missing,missing,missing,,1.0,4.302,4.302,1.004,0.0016,56.879
cloverleaf,baremetal,,4,sync,02,4,False,0.0,0,0,missing,missing,missing,missing,missing,,1.0,4.317,4.302,1.007,0.0025,57.08
cloverleaf,baremetal,,4,sync,03,4,False,0.001,0,0,missing,missing,missing,missing,missing,,1.0,4.332,4.317,1.004,0.0015,57.285
cloverleaf,baremetal,,4,sync,04,4,False,0.001,0,0,missing,missing,missing,missing,missing,,1.0,4.302,4.302,1.004,0.0016,56.884
cloverleaf,baremetal,,8,stagger,20,8,False,14.006,0,0,missing,missing,missing,missing,missing,,0.9948,7.755,7.613,1.244,0.0724,102.536
cloverleaf,baremetal,,8,stagger,21,8,False,14.009,0,0,missing,missing,missing,missing,missing,,0.9951,7.756,7.626,1.234,0.0701,102.557
cloverleaf,baremetal,,8,stagger,22,8,False,14.013,0,0,missing,missing,missing,missing,missing,,0.9949,7.741,7.603,1.241,0.0718,102.352
cloverleaf,baremetal,,8,stagger,23,8,False,14.012,0,0,missing,missing,missing,missing,missing,,0.9949,7.74,7.607,1.239,0.0714,102.346
cloverleaf,baremetal,,8,stagger,24,8,False,14.005,0,0,missing,missing,missing,missing,missing,,0.9949,7.753,7.622,1.24,0.0716,102.513
cloverleaf,baremetal,,8,sync,00,8,False,0.02,0,0,missing,missing,missing,missing,missing,,1.0,8.602,8.587,1.006,0.0018,113.747
cloverleaf,baremetal,,8,sync,01,8,False,0.002,0,0,missing,missing,missing,missing,missing,,1.0,8.588,8.588,1.005,0.0018,113.551
cloverleaf,baremetal,,8,sync,02,8,False,0.001,0,0,missing,missing,missing,missing,missing,,1.0,8.603,8.588,1.005,0.0018,113.753
cloverleaf,baremetal,,8,sync,03,8,False,0.002,0,0,missing,missing,missing,missing,missing,,1.0,8.618,8.603,1.004,0.0016,113.958
cloverleaf,baremetal,,8,sync,04,8,False,0.002,0,0,missing,missing,missing,missing,missing,,1.0,8.571,8.556,1.011,0.0035,113.336
cloverleaf,baremetal_mps,,2,sync,00,2,False,0.0,0,0,missing,missing,missing,missing,missing,,1.0,2.047,2.039,1.008,0.0038,27.049
cloverleaf,baremetal_mps,,2,sync,01,2,False,0.0,0,0,missing,missing,missing,missing,missing,,1.0,2.046,2.038,1.008,0.0038,27.042
cloverleaf,baremetal_mps,,2,sync,02,2,False,0.0,0,0,missing,missing,missing,missing,missing,,1.0,2.031,2.031,1.0,0.0,26.845
cloverleaf,baremetal_mps,,2,sync,03,2,False,0.0,0,0,missing,missing,missing,missing,missing,,1.0,2.031,2.031,1.0,0.0,26.842
cloverleaf,baremetal_mps,,2,sync,04,2,False,0.0,0,0,missing,missing,missing,missing,missing,,1.0,2.031,2.031,1.0,0.0,26.837
cloverleaf,baremetal_mps,,4,sync,00,4,False,0.001,0,0,missing,missing,missing,missing,missing,,1.0,4.227,4.227,1.0,0.0,55.863
cloverleaf,baremetal_mps,,4,sync,01,4,False,0.001,0,0,missing,missing,missing,missing,missing,,1.0,4.227,4.219,1.004,0.0018,55.861
cloverleaf,baremetal_mps,,4,sync,02,4,False,0.001,0,0,missing,missing,missing,missing,missing,,1.0,4.227,4.219,1.011,0.0045,55.861
cloverleaf,baremetal_mps,,4,sync,03,4,False,0.001,0,0,missing,missing,missing,missing,missing,,1.0,4.211,4.211,1.004,0.0016,55.657
cloverleaf,baremetal_mps,,4,sync,04,4,False,0.02,0,0,missing,missing,missing,missing,missing,,1.0,4.226,4.218,1.004,0.0017,55.86
cloverleaf,baremetal_mps,,8,stagger,20,8,False,14.019,0,0,missing,missing,missing,missing,missing,,0.9949,7.863,7.687,1.245,0.0719,103.927
cloverleaf,baremetal_mps,,8,stagger,21,8,False,13.991,0,0,missing,missing,missing,missing,missing,,0.9949,7.852,7.682,1.242,0.0715,103.782
cloverleaf,baremetal_mps,,8,stagger,22,8,False,14.016,0,0,missing,missing,missing,missing,missing,,0.9954,7.868,7.681,1.233,0.0682,103.982
cloverleaf,baremetal_mps,,8,stagger,23,8,False,14.011,0,0,missing,missing,missing,missing,missing,,0.9952,7.866,7.681,1.236,0.0691,103.96
cloverleaf,baremetal_mps,,8,stagger,24,8,False,14.021,0,0,missing,missing,missing,missing,missing,,0.9951,7.85,7.682,1.237,0.0699,103.757
cloverleaf,baremetal_mps,,8,sync,00,8,False,0.002,0,0,missing,missing,missing,missing,missing,,1.0,8.713,8.697,1.004,0.0011,115.151
cloverleaf,baremetal_mps,,8,sync,01,8,False,0.002,0,0,missing,missing,missing,missing,missing,,1.0,8.713,8.697,1.011,0.0032,115.153
cloverleaf,baremetal_mps,,8,sync,02,8,False,0.002,0,0,missing,missing,missing,missing,missing,,1.0,8.711,8.711,1.004,0.0012,115.134
cloverleaf,baremetal_mps,,8,sync,03,8,False,0.002,0,0,missing,missing,missing,missing,missing,,1.0,8.713,8.697,1.004,0.0011,115.151
cloverleaf,baremetal_mps,,8,sync,04,8,False,0.002,0,0,missing,missing,missing,missing,missing,,1.0,8.713,8.698,1.004,0.0011,115.157
cloverleaf,baremetal_mps,previo,2,sync,00,2,False,0.001,0,0,missing,missing,missing,missing,missing,,1.0,2.046,2.038,1.008,0.0038,27.051
cloverleaf,baremetal_mps,previo,2,sync,01,2,False,0.0,0,0,missing,missing,missing,missing,missing,,1.0,2.03,2.03,1.0,0.0,26.847
cloverleaf,baremetal_mps,previo,2,sync,02,2,False,0.0,0,0,missing,missing,missing,missing,missing,,1.0,2.03,2.03,1.0,0.0,26.847
cloverleaf,baremetal_mps,previo,2,sync,03,2,False,0.0,0,0,missing,missing,missing,missing,missing,,1.0,2.03,2.03,1.0,0.0,26.846
cloverleaf,baremetal_mps,previo,2,sync,04,2,False,0.0,0,0,missing,missing,missing,missing,missing,,1.0,2.031,2.031,1.0,0.0,26.852
cloverleaf,baremetal_mps,previo,4,sync,00,4,False,0.001,0,0,missing,missing,missing,missing,missing,,1.0,4.225,4.21,1.004,0.0016,55.869
cloverleaf,baremetal_mps,previo,4,sync,01,4,False,0.001,0,0,missing,missing,missing,missing,missing,,1.0,4.225,4.21,1.004,0.0016,55.867
cloverleaf,baremetal_mps,previo,4,sync,02,4,False,0.0,0,0,missing,missing,missing,missing,missing,,1.0,4.21,4.21,1.007,0.0032,55.675
cloverleaf,baremetal_mps,previo,4,sync,03,4,False,0.001,0,0,missing,missing,missing,missing,missing,,1.0,4.225,4.225,1.004,0.0016,55.87
cloverleaf,baremetal_mps,previo,4,sync,04,4,False,0.001,0,0,missing,missing,missing,missing,missing,,1.0,4.225,4.225,1.0,0.0,55.873
cloverleaf,baremetal_mps,previo,8,stagger,20,8,False,14.004,0,0,missing,missing,missing,missing,missing,,0.9951,7.844,7.684,1.235,0.0698,103.718
cloverleaf,baremetal_mps,previo,8,stagger,21,8,False,14.02,0,0,missing,missing,missing,missing,missing,,0.9952,7.845,7.687,1.234,0.0693,103.736
cloverleaf,baremetal_mps,previo,8,stagger,22,8,False,14.01,0,0,missing,missing,missing,missing,missing,,0.9949,7.844,7.671,1.243,0.0715,103.718
cloverleaf,baremetal_mps,previo,8,stagger,23,8,False,13.992,0,0,missing,missing,missing,missing,missing,,0.995,7.845,7.687,1.238,0.0706,103.742
cloverleaf,baremetal_mps,previo,8,stagger,24,8,False,14.003,0,0,missing,missing,missing,missing,missing,,0.9951,7.848,7.688,1.238,0.0704,103.775
cloverleaf,baremetal_mps,previo,8,sync,00,8,False,0.002,0,0,missing,missing,missing,missing,missing,,1.0,8.71,8.71,1.004,0.0013,115.177
cloverleaf,baremetal_mps,previo,8,sync,01,8,False,0.002,0,0,missing,missing,missing,missing,missing,,1.0,8.696,8.688,1.016,0.0051,114.989
cloverleaf,baremetal_mps,previo,8,sync,02,8,False,0.002,0,0,missing,missing,missing,missing,missing,,0.9998,8.678,8.678,1.042,0.0138,114.754
cloverleaf,baremetal_mps,previo,8,sync,03,8,False,0.002,0,0,missing,missing,missing,missing,missing,,1.0,8.71,8.694,1.011,0.0031,115.174
cloverleaf,baremetal_mps,previo,8,sync,04,8,False,0.001,0,0,missing,missing,missing,missing,missing,,1.0,8.71,8.695,1.005,0.0016,115.179
cloverleaf,gusto_am,,2,sync,00,2,False,0.0,0,0,missing,missing,missing,missing,missing,,1.0,2.013,2.013,1.0,0.0,29.497
cloverleaf,gusto_am,,2,sync,01,2,False,0.0,0,0,missing,missing,missing,missing,missing,,1.0,1.998,1.998,1.0,0.0,29.287
cloverleaf,gusto_am,,2,sync,02,2,False,0.001,0,0,missing,missing,missing,missing,missing,,1.0,1.985,1.978,1.007,0.0035,29.083
cloverleaf,gusto_am,,2,sync,03,2,False,0.0,0,0,missing,missing,missing,missing,missing,,1.0,1.985,1.978,1.007,0.0035,29.085
cloverleaf,gusto_am,,2,sync,04,2,False,0.001,0,0,missing,missing,missing,missing,missing,,1.0,1.999,1.999,1.0,0.0,29.292
cloverleaf,gusto_am,,4,sync,00,4,False,0.001,0,0,missing,missing,missing,missing,missing,,0.9999,4.076,3.972,1.032,0.0121,59.732
cloverleaf,gusto_am,,4,sync,01,4,False,0.0,0,0,missing,missing,missing,missing,missing,,1.0,4.09,4.083,1.01,0.0042,59.94
cloverleaf,gusto_am,,4,sync,02,4,False,0.001,0,0,missing,missing,missing,missing,missing,,1.0,4.09,4.083,1.007,0.0028,59.943
cloverleaf,gusto_am,,4,sync,03,4,False,0.001,0,0,missing,missing,missing,missing,missing,,0.9999,4.062,4.055,1.017,0.0071,59.529
cloverleaf,gusto_am,,4,sync,04,4,False,0.0,0,0,missing,missing,missing,missing,missing,,1.0,4.09,4.083,1.003,0.0017,59.933
cloverleaf,gusto_am,,8,stagger,20,8,False,14.011,0,0,missing,missing,missing,missing,missing,,0.9967,7.622,7.454,1.196,0.0576,111.694
cloverleaf,gusto_am,,8,stagger,21,8,False,14.003,0,0,missing,missing,missing,missing,missing,,0.9962,7.629,7.44,1.213,0.0614,111.806
cloverleaf,gusto_am,,8,stagger,22,8,False,14.002,0,0,missing,missing,missing,missing,missing,,0.9968,7.583,7.457,1.188,0.0564,111.125
cloverleaf,gusto_am,,8,stagger,23,8,False,14.017,0,0,missing,missing,missing,missing,missing,,0.9973,7.578,7.422,1.175,0.0521,111.057
cloverleaf,gusto_am,,8,stagger,24,8,False,14.014,0,0,missing,missing,missing,missing,missing,,0.9953,7.572,7.429,1.23,0.0686,110.963
cloverleaf,gusto_am,,8,sync,00,8,False,0.002,0,0,missing,missing,missing,missing,missing,,0.9999,8.372,8.351,1.026,0.0082,122.683
cloverleaf,gusto_am,,8,sync,01,8,False,0.002,0,0,missing,missing,missing,missing,missing,,0.9999,8.428,8.4,1.025,0.0077,123.505
cloverleaf,gusto_am,,8,sync,02,8,False,0.001,0,0,missing,missing,missing,missing,missing,,1.0,8.413,8.406,1.017,0.0053,123.293
cloverleaf,gusto_am,,8,sync,03,8,False,0.001,0,0,missing,missing,missing,missing,missing,,1.0,8.4,8.386,1.019,0.0059,123.097
cloverleaf,gusto_am,,8,sync,04,8,False,0.001,0,0,missing,missing,missing,missing,missing,,1.0,8.386,8.309,1.012,0.0036,122.887
cloverleaf,results_prefix_tcp,,8,seed01,01,8,False,0.001,0,0,missing,missing,missing,missing,missing,,missing,missing,missing,missing,missing,
cloverleaf,results_prefix_tcp,,8,seed02,02,8,False,0.002,0,0,missing,missing,missing,missing,missing,,missing,missing,missing,missing,missing,
cloverleaf,results_prefix_tcp,,8,seed03,03,8,False,0.001,0,0,missing,missing,missing,missing,missing,,missing,missing,missing,missing,missing,
cloverleaf,results_prefix_tcp,,8,seed04,04,8,False,0.001,0,0,missing,missing,missing,missing,missing,,missing,missing,missing,missing,missing,
cloverleaf,results_tcp_modon_parcial,,2,sync,00,2,False,0.0,0,0,missing,missing,missing,missing,missing,,1.0,2.079,2.067,1.012,0.006,101.546
cloverleaf,results_tcp_modon_parcial,,2,sync,01,2,False,0.0,0,0,missing,missing,missing,missing,missing,,0.9999,1.972,1.956,1.017,0.0084,96.317
cloverleaf,results_tcp_modon_parcial,,2,sync,02,2,False,0.0,0,0,missing,missing,missing,missing,missing,,0.9998,2.184,2.155,1.027,0.0135,106.651
cloverleaf,results_tcp_modon_parcial,,2,sync,03,2,False,0.0,0,0,missing,missing,missing,missing,missing,,0.9999,1.921,1.906,1.015,0.0076,93.83
cloverleaf,results_tcp_modon_parcial,,2,sync,04,2,False,0.001,0,0,missing,missing,missing,missing,missing,,1.0,2.113,2.102,1.01,0.005,103.197
cloverleaf,results_tcp_modon_parcial,,4,sync,00,4,False,0.021,0,0,missing,missing,missing,missing,missing,,0.9983,4.67,4.537,1.105,0.0412,228.097
cloverleaf,results_tcp_modon_parcial,,4,sync,01,4,False,0.001,0,0,missing,missing,missing,missing,missing,,0.9942,4.621,4.441,1.211,0.0764,225.68
cloverleaf,results_tcp_modon_parcial,,4,sync,02,4,False,0.001,0,0,missing,missing,missing,missing,missing,,0.9993,4.671,4.581,1.063,0.0255,228.134
cloverleaf,results_tcp_modon_parcial,,4,sync,03,4,False,0.002,0,0,missing,missing,missing,missing,missing,,0.9988,4.779,4.766,1.082,0.0341,233.406
cloverleaf,results_tcp_modon_parcial,,4,sync,04,4,False,0.001,0,0,missing,missing,missing,missing,missing,,0.9977,4.545,4.524,1.118,0.0482,222.004
cloverleaf,results_tcp_modon_parcial,,8,stagger,20,8,False,14.011,0,0,missing,missing,missing,missing,missing,,0.9921,10.194,9.756,1.309,0.0895,497.885
cloverleaf,results_tcp_modon_parcial,,8,stagger,21,8,False,14.012,0,0,missing,missing,missing,missing,missing,,0.9841,9.358,9.112,1.426,0.1269,457.072
cloverleaf,results_tcp_modon_parcial,,8,stagger,22,8,False,14.015,0,0,missing,missing,missing,missing,missing,,0.9963,9.431,9.262,1.182,0.0611,460.628
cloverleaf,results_tcp_modon_parcial,,8,stagger,23,8,False,14.011,0,0,missing,missing,missing,missing,missing,,0.9984,9.968,9.548,1.132,0.0402,486.863
cloverleaf,results_tcp_modon_parcial,,8,stagger,24,8,False,13.995,0,0,missing,missing,missing,missing,missing,,0.9964,9.313,8.838,1.18,0.0601,454.895
cloverleaf,results_tcp_modon_parcial,,8,sync,00,8,False,0.002,0,0,missing,missing,missing,missing,missing,,0.9975,9.267,9.017,1.159,0.0503,452.605
cloverleaf,results_tcp_modon_parcial,,8,sync,02,8,False,0.002,0,0,missing,missing,missing,missing,missing,,0.9984,10.387,10.184,1.13,0.0397,507.327
cloverleaf,results_tcp_modon_parcial,,8,sync,03,8,False,0.002,0,0,missing,missing,missing,missing,missing,,0.9415,9.627,9.448,1.868,0.2493,470.204
cloverleaf,results_tcp_modon_parcial,,8,sync,04,8,False,0.002,0,0,missing,missing,missing,missing,missing,,0.9983,9.952,9.541,1.144,0.0408,486.071
cloverleaf,tcp,,2,sync,00,2,False,0.0,0,0,missing,missing,missing,missing,missing,,1.0,2.399,2.384,1.012,0.006,101.546
cloverleaf,tcp,,2,sync,01,2,False,0.0,0,0,missing,missing,missing,missing,missing,,0.9999,2.275,2.256,1.017,0.0084,96.317
cloverleaf,tcp,,2,sync,02,2,False,0.0,0,0,missing,missing,missing,missing,missing,,0.9998,2.519,2.486,1.027,0.0135,106.651
cloverleaf,tcp,,2,sync,03,2,False,0.0,0,0,missing,missing,missing,missing,missing,,0.9999,2.216,2.2,1.015,0.0076,93.83
cloverleaf,tcp,,2,sync,04,2,False,0.001,0,0,missing,missing,missing,missing,missing,,1.0,2.438,2.426,1.01,0.005,103.197
cloverleaf,tcp,,4,sync,00,4,False,0.021,0,0,missing,missing,missing,missing,missing,,0.9983,5.388,5.234,1.105,0.0412,228.097
cloverleaf,tcp,,4,sync,01,4,False,0.001,0,0,missing,missing,missing,missing,missing,,0.9942,5.331,5.124,1.211,0.0764,225.68
cloverleaf,tcp,,4,sync,02,4,False,0.001,0,0,missing,missing,missing,missing,missing,,0.9993,5.389,5.285,1.063,0.0255,228.134
cloverleaf,tcp,,4,sync,03,4,False,0.002,0,0,missing,missing,missing,missing,missing,,0.9988,5.513,5.499,1.082,0.0341,233.406
cloverleaf,tcp,,4,sync,04,4,False,0.001,0,0,missing,missing,missing,missing,missing,,0.9977,5.244,5.22,1.118,0.0482,222.004
cloverleaf,tcp,,8,stagger,20,8,False,14.011,0,0,missing,missing,missing,missing,missing,,0.9921,11.761,11.256,1.309,0.0895,497.885
cloverleaf,tcp,,8,stagger,21,8,False,14.012,0,0,missing,missing,missing,missing,missing,,0.9841,10.797,10.513,1.426,0.1269,457.072
cloverleaf,tcp,,8,stagger,22,8,False,14.015,0,0,missing,missing,missing,missing,missing,,0.9963,10.881,10.685,1.182,0.0611,460.628
cloverleaf,tcp,,8,stagger,23,8,False,14.011,0,0,missing,missing,missing,missing,missing,,0.9984,11.5,11.016,1.132,0.0402,486.863
cloverleaf,tcp,,8,stagger,24,8,False,13.995,0,0,missing,missing,missing,missing,missing,,0.9964,10.745,10.197,1.18,0.0601,454.895
cloverleaf,tcp,,8,sync,00,8,False,0.022,0,0,missing,missing,missing,missing,missing,,0.9953,11.928,11.62,1.194,0.0691,504.966
cloverleaf,tcp,,8,sync,01,8,False,0.02,0,0,missing,missing,missing,missing,missing,,0.9957,11.461,11.147,1.216,0.0657,485.217
cloverleaf,tcp,,8,sync,02,8,False,0.002,0,0,missing,missing,missing,missing,missing,,0.9984,11.984,11.749,1.13,0.0397,507.327
cloverleaf,tcp,,8,sync,03,8,False,0.002,0,0,missing,missing,missing,missing,missing,,0.9415,11.107,10.9,1.868,0.2493,470.204
cloverleaf,tcp,,8,sync,04,8,False,0.002,0,0,missing,missing,missing,missing,missing,,0.9983,11.482,11.008,1.144,0.0408,486.071
cloverleaf,tcp,modoff,2,sync,00,2,False,0.0,0,0,missing,missing,missing,missing,missing,,1.0,2.399,2.384,1.012,0.006,101.546
cloverleaf,tcp,modoff,2,sync,01,2,False,0.0,0,0,missing,missing,missing,missing,missing,,0.9999,2.275,2.256,1.017,0.0084,96.317
cloverleaf,tcp,modoff,2,sync,02,2,False,0.0,0,0,missing,missing,missing,missing,missing,,0.9998,2.519,2.486,1.027,0.0135,106.651
cloverleaf,tcp,modoff,2,sync,03,2,False,0.0,0,0,missing,missing,missing,missing,missing,,0.9999,2.216,2.2,1.015,0.0076,93.83
cloverleaf,tcp,modoff,2,sync,04,2,False,0.001,0,0,missing,missing,missing,missing,missing,,1.0,2.438,2.426,1.01,0.005,103.197
cloverleaf,tcp,modoff,4,sync,00,4,False,0.021,0,0,missing,missing,missing,missing,missing,,0.9983,5.388,5.234,1.105,0.0412,228.097
cloverleaf,tcp,modoff,4,sync,01,4,False,0.001,0,0,missing,missing,missing,missing,missing,,0.9942,5.331,5.124,1.211,0.0764,225.68
cloverleaf,tcp,modoff,4,sync,02,4,False,0.001,0,0,missing,missing,missing,missing,missing,,0.9993,5.389,5.285,1.063,0.0255,228.134
cloverleaf,tcp,modoff,4,sync,03,4,False,0.002,0,0,missing,missing,missing,missing,missing,,0.9988,5.513,5.499,1.082,0.0341,233.406
cloverleaf,tcp,modoff,4,sync,04,4,False,0.001,0,0,missing,missing,missing,missing,missing,,0.9977,5.244,5.22,1.118,0.0482,222.004
cloverleaf,tcp,modoff,8,stagger,20,8,False,14.011,0,0,missing,missing,missing,missing,missing,,0.9921,11.761,11.256,1.309,0.0895,497.885
cloverleaf,tcp,modoff,8,stagger,21,8,False,14.012,0,0,missing,missing,missing,missing,missing,,0.9841,10.797,10.513,1.426,0.1269,457.072
cloverleaf,tcp,modoff,8,stagger,22,8,False,14.015,0,0,missing,missing,missing,missing,missing,,0.9963,10.881,10.685,1.182,0.0611,460.628
cloverleaf,tcp,modoff,8,stagger,23,8,False,14.011,0,0,missing,missing,missing,missing,missing,,0.9984,11.5,11.016,1.132,0.0402,486.863
cloverleaf,tcp,modoff,8,stagger,24,8,False,13.995,0,0,missing,missing,missing,missing,missing,,0.9964,10.745,10.197,1.18,0.0601,454.895
cloverleaf,tcp,modoff,8,sync,00,8,False,0.022,0,0,missing,missing,missing,missing,missing,,0.9953,11.928,11.62,1.194,0.0691,504.966
cloverleaf,tcp,modoff,8,sync,01,8,False,0.02,0,0,missing,missing,missing,missing,missing,,0.9957,11.461,11.147,1.216,0.0657,485.217
cloverleaf,tcp,modoff,8,sync,02,8,False,0.002,0,0,missing,missing,missing,missing,missing,,0.9984,11.984,11.749,1.13,0.0397,507.327
cloverleaf,tcp,modoff,8,sync,03,8,False,0.002,0,0,missing,missing,missing,missing,missing,,0.9415,11.107,10.9,1.868,0.2493,470.204
cloverleaf,tcp,modoff,8,sync,04,8,False,0.002,0,0,missing,missing,missing,missing,missing,,0.9983,11.482,11.008,1.144,0.0408,486.071
cloverleaf,ucx_host_rma,,2,sync,00,2,False,0.0,0,0,missing,missing,missing,missing,missing,,1.0,2.014,2.014,1.0,0.0,29.499
cloverleaf,ucx_host_rma,,2,sync,01,2,False,0.0,0,0,missing,missing,missing,missing,missing,,1.0,1.986,1.986,1.0,0.0,29.091
cloverleaf,ucx_host_rma,,2,sync,02,2,False,0.0,0,0,missing,missing,missing,missing,missing,,1.0,1.999,1.992,1.007,0.0035,29.285
cloverleaf,ucx_host_rma,,2,sync,03,2,False,0.001,0,0,missing,missing,missing,missing,missing,,1.0,1.986,1.979,1.007,0.0035,29.084
cloverleaf,ucx_host_rma,,2,sync,04,2,False,0.0,0,0,missing,missing,missing,missing,missing,,1.0,1.999,1.993,1.007,0.0035,29.286
cloverleaf,ucx_host_rma,,4,sync,00,4,False,0.0,0,0,missing,missing,missing,missing,missing,,1.0,4.064,4.043,1.01,0.0038,59.529
cloverleaf,ucx_host_rma,,4,sync,01,4,False,0.001,0,0,missing,missing,missing,missing,missing,,1.0,4.065,4.051,1.01,0.0045,59.534
cloverleaf,ucx_host_rma,,4,sync,02,4,False,0.001,0,0,missing,missing,missing,missing,missing,,0.9999,4.092,4.085,1.017,0.0071,59.939
cloverleaf,ucx_host_rma,,4,sync,03,4,False,0.0,0,0,missing,missing,missing,missing,missing,,0.9999,4.078,4.03,1.028,0.0105,59.735
cloverleaf,ucx_host_rma,,4,sync,04,4,False,0.001,0,0,missing,missing,missing,missing,missing,,1.0,4.092,4.092,1.01,0.0044,59.942
cloverleaf,ucx_host_rma,,8,stagger,20,8,False,14.023,0,0,missing,missing,missing,missing,missing,,0.997,7.742,7.438,1.203,0.0552,113.401
cloverleaf,ucx_host_rma,,8,stagger,21,8,False,14.007,0,0,missing,missing,missing,missing,missing,,0.9966,7.599,7.46,1.196,0.0582,111.311
cloverleaf,ucx_host_rma,,8,stagger,22,8,False,14.026,0,0,missing,missing,missing,missing,missing,,0.9969,7.723,7.463,1.2,0.0555,113.126
cloverleaf,ucx_host_rma,,8,stagger,23,8,False,14.018,0,0,missing,missing,missing,missing,missing,,0.9957,7.587,7.476,1.218,0.0653,111.122
cloverleaf,ucx_host_rma,,8,stagger,24,8,False,14.011,0,0,missing,missing,missing,missing,missing,,0.9967,7.585,7.471,1.192,0.0577,111.099
cloverleaf,ucx_host_rma,,8,sync,00,8,False,0.002,0,0,missing,missing,missing,missing,missing,,1.0,8.418,8.383,1.007,0.0021,123.3
cloverleaf,ucx_host_rma,,8,sync,01,8,False,0.001,0,0,missing,missing,missing,missing,missing,,1.0,8.404,8.39,1.015,0.0046,123.089
cloverleaf,ucx_host_rma,,8,sync,02,8,False,0.001,0,0,missing,missing,missing,missing,missing,,1.0,8.418,8.398,1.017,0.0051,123.306
cloverleaf,ucx_host_rma,,8,sync,03,8,False,0.002,0,0,missing,missing,missing,missing,missing,,0.9999,8.403,8.354,1.039,0.0119,123.08
cloverleaf,ucx_host_rma,,8,sync,04,8,False,0.001,0,0,missing,missing,missing,missing,missing,,1.0,8.376,8.349,1.015,0.0045,122.691
minibude,baremetal,,2,sync,1,2,True,0.0,0,0,1.0,1.988,1.988,1.0,0.0,0.587,1.0,1.988,1.988,1.0,0.0,4.696
minibude,baremetal,,2,sync,2,2,True,0.0,0,0,1.0,1.988,1.988,1.0,0.0,0.587,1.0,1.988,1.988,1.0,0.0,4.696
minibude,baremetal,,2,sync,3,2,True,0.0,0,0,1.0,1.988,1.988,1.0,0.0,0.587,1.0,1.988,1.988,1.0,0.0,4.696
minibude,baremetal,,2,sync,4,2,True,0.0,0,0,1.0,1.988,1.988,1.0,0.0,0.587,1.0,1.988,1.988,1.0,0.0,4.696
minibude,baremetal,,2,sync,5,2,True,0.0,0,0,1.0,1.988,1.988,1.0,0.0,0.587,1.0,1.988,1.988,1.0,0.0,4.696
minibude,baremetal,,4,sync,1,4,True,0.0,0,0,1.0,3.977,3.977,1.0,0.0001,1.174,1.0,3.977,3.977,1.0,0.0001,9.394
minibude,baremetal,,4,sync,2,4,True,0.0,0,0,1.0,3.977,3.977,1.0,0.0001,1.174,1.0,3.977,3.977,1.0,0.0001,9.394
minibude,baremetal,,4,sync,3,4,True,0.0,0,0,0.9998,3.976,3.914,1.032,0.0158,1.174,0.9998,3.976,3.914,1.032,0.0158,9.393
minibude,baremetal,,4,sync,4,4,True,0.0,0,0,0.9998,3.976,3.914,1.032,0.0158,1.174,0.9998,3.976,3.914,1.032,0.0158,9.393
minibude,baremetal,,4,sync,5,4,True,0.0,0,0,0.9998,3.976,3.914,1.032,0.0158,1.174,0.9998,3.976,3.914,1.032,0.0158,9.393
minibude,baremetal,,8,sync,1,8,True,0.0,0,0,1.0,7.953,7.831,1.016,0.0067,2.348,1.0,7.953,7.831,1.016,0.0067,18.786
minibude,baremetal,,8,sync,2,8,True,0.0,0,0,0.9998,7.955,7.952,1.032,0.0153,2.349,0.9998,7.955,7.952,1.032,0.0153,18.791
minibude,baremetal,,8,sync,3,8,True,0.0,0,0,0.9998,7.953,7.891,1.032,0.0146,2.348,0.9998,7.953,7.891,1.032,0.0146,18.788
minibude,baremetal,,8,sync,4,8,True,0.0,0,0,0.9994,7.953,7.767,1.049,0.0238,2.348,0.9994,7.953,7.767,1.049,0.0238,18.788
minibude,baremetal,,8,sync,5,8,True,0.0,0,0,0.9998,7.952,7.83,1.032,0.0136,2.348,0.9998,7.952,7.83,1.032,0.0136,18.786
minibude,baremetal_mps,,2,sync,1,2,True,0.0,0,0,1.0,1.988,1.988,1.0,0.0,0.587,1.0,1.988,1.988,1.0,0.0,4.696
minibude,baremetal_mps,,2,sync,2,2,True,0.0,0,0,1.0,1.988,1.988,1.0,0.0,0.587,1.0,1.988,1.988,1.0,0.0,4.696
minibude,baremetal_mps,,2,sync,3,2,True,0.0,0,0,1.0,1.988,1.988,1.0,0.0,0.587,1.0,1.988,1.988,1.0,0.0,4.696
minibude,baremetal_mps,,2,sync,4,2,True,0.0,0,0,1.0,1.988,1.988,1.0,0.0,0.587,1.0,1.988,1.988,1.0,0.0,4.696
minibude,baremetal_mps,,2,sync,5,2,True,0.0,0,0,1.0,1.988,1.988,1.0,0.0,0.587,1.0,1.988,1.988,1.0,0.0,4.696
minibude,baremetal_mps,,4,sync,1,4,True,0.0,0,0,0.9992,3.977,3.976,1.067,0.0283,1.174,0.9992,3.977,3.976,1.067,0.0283,9.395
minibude,baremetal_mps,,4,sync,2,4,True,0.0,0,0,0.9992,3.977,3.976,1.067,0.0283,1.174,0.9992,3.977,3.976,1.067,0.0283,9.395
minibude,baremetal_mps,,4,sync,3,4,True,0.0,0,0,0.9992,3.977,3.976,1.067,0.0283,1.174,0.9992,3.977,3.976,1.067,0.0283,9.395
minibude,baremetal_mps,,4,sync,4,4,True,0.0,0,0,0.9998,3.976,3.914,1.032,0.0158,1.174,0.9998,3.976,3.914,1.032,0.0158,9.393
minibude,baremetal_mps,,4,sync,5,4,True,0.0,0,0,0.9998,3.977,3.976,1.032,0.0137,1.174,0.9998,3.977,3.976,1.032,0.0137,9.394
minibude,baremetal_mps,,8,sync,1,8,True,0.0,0,0,0.9998,7.955,7.952,1.032,0.0153,2.349,0.9998,7.955,7.952,1.032,0.0153,18.791
minibude,baremetal_mps,,8,sync,2,8,True,0.0,0,0,1.0,7.956,7.954,1.001,0.0002,2.349,1.0,7.956,7.954,1.001,0.0002,18.794
minibude,baremetal_mps,,8,sync,3,8,True,0.0,0,0,1.0,7.955,7.954,1.001,0.0002,2.349,1.0,7.955,7.954,1.001,0.0002,18.793
minibude,baremetal_mps,,8,sync,4,8,True,0.0,0,0,0.9994,7.953,7.768,1.049,0.0238,2.348,0.9994,7.953,7.768,1.049,0.0238,18.788
minibude,baremetal_mps,,8,sync,5,8,True,0.0,0,0,1.0,7.953,7.831,1.016,0.0067,2.348,1.0,7.953,7.831,1.016,0.0067,18.786
minibude,gusto_gpudirect,,2,sync,1,2,True,1.0,0,0,1.0,1.0,1.0,1.0,0.0,0.295,1.0,1.0,1.0,1.0,0.0,2.363
minibude,gusto_gpudirect,,2,sync,2,2,True,1.0,0,0,1.0,1.0,1.0,1.0,0.0,0.295,1.0,1.0,1.0,1.0,0.0,2.363
minibude,gusto_gpudirect,,2,sync,3,2,True,0.0,0,0,1.0,1.0,1.0,1.0,0.0,0.295,1.0,1.0,1.0,1.0,0.0,2.363
minibude,gusto_gpudirect,,2,sync,4,2,True,0.0,0,0,1.0,1.0,1.0,1.0,0.0,0.295,1.0,1.0,1.0,1.0,0.0,2.363
minibude,gusto_gpudirect,,2,sync,5,2,True,0.0,0,0,1.0,1.0,1.0,1.0,0.0,0.295,1.0,1.0,1.0,1.0,0.0,2.363
minibude,gusto_gpudirect,,4,sync,1,4,True,1.0,0,0,0.8365,2.624,2.249,2.624,0.4421,0.775,0.8365,2.624,2.249,2.624,0.4421,6.201
minibude,gusto_gpudirect,,4,sync,2,4,True,1.0,0,0,0.9207,2.125,1.625,2.124,0.2935,0.627,0.9207,2.125,1.625,2.124,0.2935,5.02
minibude,gusto_gpudirect,,4,sync,3,4,True,2.0,0,0,0.8971,2.25,1.812,2.249,0.3387,0.664,0.8971,2.25,1.812,2.249,0.3387,5.315
minibude,gusto_gpudirect,,4,sync,4,4,True,1.0,0,0,0.8728,2.374,2.0,2.374,0.3818,0.701,0.8728,2.374,2.0,2.374,0.3818,5.61
minibude,gusto_gpudirect,,4,sync,5,4,True,1.0,0,0,0.8735,2.374,2.0,2.374,0.3805,0.701,0.8735,2.374,2.0,2.374,0.3805,5.61
minibude,gusto_gpudirect,,8,sync,1,8,True,2.0,0,0,0.7573,4.874,2.875,4.871,0.5661,1.44,0.7573,4.874,2.875,4.871,0.5661,11.517
minibude,gusto_gpudirect,,8,sync,10,8,True,1.0,0,0,0.7887,3.375,2.563,3.374,0.5176,0.997,0.7887,3.375,2.563,3.374,0.5176,7.976
minibude,gusto_gpudirect,,8,sync,11,8,True,3.0,0,0,0.6962,5.124,3.499,5.122,0.6606,1.513,0.6962,5.124,3.499,5.122,0.6606,12.107
minibude,gusto_gpudirect,,8,sync,12,8,True,2.0,0,0,0.6954,4.25,3.562,4.247,0.6618,1.255,0.6954,4.25,3.562,4.247,0.6618,10.041
minibude,gusto_gpudirect,,8,sync,13,8,True,2.0,0,0,0.6551,4.999,4.437,4.996,0.7255,1.476,0.6551,4.999,4.437,4.996,0.7255,11.812
minibude,gusto_gpudirect,,8,sync,14,8,True,2.0,0,0,0.621,5.0,4.0,4.998,0.7812,1.477,0.621,5.0,4.0,4.998,0.7812,11.814
minibude,gusto_gpudirect,,8,sync,15,8,True,2.0,0,0,0.7352,4.375,3.063,4.372,0.6001,1.292,0.7352,4.375,3.063,4.372,0.6001,10.337
minibude,gusto_gpudirect,,8,sync,2,8,True,3.0,0,0,0.6967,4.374,3.062,4.372,0.6597,1.292,0.6967,4.374,3.062,4.372,0.6597,10.335
minibude,gusto_gpudirect,,8,sync,3,8,True,2.0,0,0,0.6513,5.124,4.624,5.121,0.7318,1.513,0.6513,5.124,4.624,5.121,0.7318,12.107
minibude,gusto_gpudirect,,8,sync,4,8,True,2.0,0,0,0.5607,6.25,4.875,6.247,0.8852,1.846,0.5607,6.25,4.875,6.247,0.8852,14.767
minibude,gusto_gpudirect,,8,sync,5,8,True,2.0,0,0,0.6273,5.375,3.75,5.372,0.7708,1.587,0.6273,5.375,3.75,5.372,0.7708,12.699
minibude,gusto_gpudirect,,8,sync,6,8,True,2.0,0,0,0.7164,4.249,3.875,4.247,0.6293,1.255,0.7164,4.249,3.875,4.247,0.6293,10.04
minibude,gusto_gpudirect,,8,sync,7,8,True,2.0,0,0,0.709,4.624,3.999,4.621,0.6407,1.366,0.709,4.624,3.999,4.621,0.6407,10.926
minibude,gusto_gpudirect,,8,sync,8,8,True,2.0,0,0,0.6594,5.499,4.062,5.495,0.7187,1.624,0.6594,5.499,4.062,5.495,0.7187,12.993
minibude,gusto_gpudirect,,8,sync,9,8,True,3.0,0,0,0.7797,4.124,2.313,4.123,0.5315,1.218,0.7797,4.124,2.313,4.123,0.5315,9.745
minibude,tcp,,2,sync,1,2,True,0.0,0,0,0.9986,1.747,1.684,1.077,0.0371,0.517,0.9986,1.747,1.684,1.077,0.0371,4.135
minibude,tcp,,2,sync,2,2,True,0.0,0,0,1.0,0.999,0.999,1.0,0.0,0.296,1.0,0.999,0.999,1.0,0.0,2.364
minibude,tcp,,2,sync,3,2,True,0.0,0,0,1.0,1.001,1.0,1.002,0.0011,0.296,1.0,1.001,1.0,1.002,0.0011,2.37
minibude,tcp,,2,sync,4,2,True,0.0,0,0,0.9984,1.623,1.56,1.084,0.0403,0.48,0.9984,1.623,1.56,1.084,0.0403,3.842
minibude,tcp,,2,sync,5,2,True,0.0,0,0,1.0,0.999,0.999,1.0,0.0001,0.296,1.0,0.999,0.999,1.0,0.0001,2.365
minibude,tcp,,4,sync,1,4,True,0.0,0,0,0.8488,2.62,2.121,2.623,0.422,0.775,0.8488,2.62,2.121,2.623,0.422,6.202
minibude,tcp,,4,sync,2,4,True,0.0,0,0,0.9877,1.872,1.561,1.363,0.1118,0.554,0.9877,1.872,1.561,1.363,0.1118,4.432
minibude,tcp,,4,sync,3,4,True,0.0,0,0,0.9882,1.996,1.809,1.332,0.1095,0.591,0.9882,1.996,1.809,1.332,0.1095,4.726
minibude,tcp,,4,sync,4,4,True,0.0,0,0,0.9788,1.997,1.747,1.454,0.1473,0.591,0.9788,1.997,1.747,1.454,0.1473,4.726
minibude,tcp,,4,sync,5,4,True,0.0,0,0,0.9385,1.997,1.498,1.999,0.2561,0.591,0.9385,1.997,1.498,1.999,0.2561,4.726
minibude,tcp,,8,sync,1,8,True,0.0,0,0,0.8087,5.239,3.992,3.228,0.4864,1.55,0.8087,5.239,3.992,3.228,0.4864,12.403
minibude,tcp,,8,sync,2,8,True,0.0,0,0,0.6691,4.616,3.93,4.619,0.7032,1.366,0.6691,4.616,3.93,4.619,0.7032,10.926
minibude,tcp,,8,sync,3,8,True,0.0,0,0,0.5594,5.862,4.865,5.868,0.8875,1.735,0.5594,5.862,4.865,5.868,0.8875,13.878
minibude,tcp,,8,sync,4,8,True,0.0,0,0,0.7004,4.366,3.68,4.369,0.654,1.292,0.7004,4.366,3.68,4.369,0.654,10.336
minibude,tcp,,8,sync,5,8,True,0.0,0,0,0.6534,4.865,3.867,4.869,0.7283,1.44,0.6534,4.865,3.867,4.869,0.7283,11.517
minibude,ucx_host_rma,,2,sync,1,2,True,0.0,0,0,1.0,1.0,1.0,1.0,0.0,0.295,1.0,1.0,1.0,1.0,0.0,2.363
minibude,ucx_host_rma,,2,sync,2,2,True,1.0,0,0,1.0,1.0,1.0,1.0,0.0,0.295,1.0,1.0,1.0,1.0,0.0,2.363
minibude,ucx_host_rma,,2,sync,3,2,True,0.0,0,0,1.0,1.0,1.0,1.0,0.0,0.295,1.0,1.0,1.0,1.0,0.0,2.363
minibude,ucx_host_rma,,2,sync,4,2,True,0.0,0,0,1.0,1.0,1.0,1.0,0.0,0.295,1.0,1.0,1.0,1.0,0.0,2.363
minibude,ucx_host_rma,,2,sync,5,2,True,0.0,0,0,1.0,1.0,1.0,1.0,0.0001,0.295,1.0,1.0,1.0,1.0,0.0001,2.363
minibude,ucx_host_rma,,4,sync,1,4,True,1.0,0,0,0.7941,2.749,2.624,2.749,0.5091,0.812,0.7941,2.749,2.624,2.749,0.5091,6.496
minibude,ucx_host_rma,,4,sync,2,4,True,1.0,0,0,0.8548,2.374,2.187,2.374,0.4121,0.701,0.8548,2.374,2.187,2.374,0.4121,5.61
minibude,ucx_host_rma,,4,sync,3,4,True,0.0,0,0,0.8735,2.25,2.062,2.249,0.3806,0.664,0.8735,2.25,2.062,2.249,0.3806,5.315
minibude,ucx_host_rma,,4,sync,4,4,True,1.0,0,0,0.9044,2.25,1.75,2.249,0.3251,0.664,0.9044,2.25,1.75,2.249,0.3251,5.315
minibude,ucx_host_rma,,4,sync,5,4,True,1.0,0,0,0.8365,2.624,2.25,2.624,0.4422,0.775,0.8365,2.624,2.25,2.624,0.4422,6.201
minibude,ucx_host_rma,,8,sync,10,8,True,3.0,0,0,0.8585,3.5,2.25,3.498,0.406,1.034,0.8585,3.5,2.25,3.498,0.406,8.269
minibude,ucx_host_rma,,8,sync,11,8,True,2.0,0,0,0.5956,5.499,4.937,5.496,0.824,1.624,0.5956,5.499,4.937,5.496,0.824,12.993
minibude,ucx_host_rma,,8,sync,12,8,True,2.0,0,0,0.757,3.75,3.125,3.748,0.5666,1.107,0.757,3.75,3.125,3.748,0.5666,8.859
minibude,ucx_host_rma,,8,sync,13,8,True,2.0,0,0,0.7689,4.25,2.812,4.247,0.5482,1.255,0.7689,4.25,2.813,4.247,0.5482,10.041
minibude,ucx_host_rma,,8,sync,14,8,True,1.0,0,0,0.6758,5.125,3.812,5.122,0.6926,1.514,0.6758,5.125,3.812,5.122,0.6925,12.109
minibude,ucx_host_rma,,8,sync,15,8,True,1.0,0,0,0.7318,4.749,3.437,4.747,0.6054,1.403,0.7318,4.749,3.437,4.747,0.6054,11.221
minibude,ucx_host_rma,,8,sync,2,8,True,1.0,0,0,0.7891,3.25,2.687,3.248,0.5169,0.96,0.7891,3.25,2.687,3.248,0.5169,7.679
minibude,ucx_host_rma,,8,sync,3,8,True,2.0,0,0,0.688,4.374,3.812,4.373,0.6734,1.292,0.688,4.374,3.812,4.373,0.6734,10.335
minibude,ucx_host_rma,,8,sync,4,8,True,1.0,0,0,0.7802,5.124,2.75,5.121,0.5308,1.513,0.7802,5.124,2.75,5.121,0.5308,12.108
minibude,ucx_host_rma,,8,sync,5,8,True,3.0,0,0,0.6979,5.249,3.874,5.247,0.6579,1.55,0.6979,5.249,3.874,5.247,0.6579,12.402
minibude,ucx_host_rma,,8,sync,6,8,True,2.0,0,0,0.6406,5.749,4.187,5.745,0.7491,1.698,0.6406,5.749,4.187,5.745,0.7491,13.584
minibude,ucx_host_rma,,8,sync,7,8,True,2.0,0,0,0.7851,3.875,2.875,3.872,0.5233,1.144,0.7851,3.875,2.875,3.872,0.5233,9.155
minibude,ucx_host_rma,,8,sync,8,8,True,2.0,0,0,0.784,3.75,2.563,3.748,0.5249,1.108,0.784,3.75,2.563,3.748,0.5249,8.861
minibude,ucx_host_rma,,8,sync,9,8,True,2.0,0,0,0.7347,4.249,3.312,4.248,0.6009,1.255,0.7347,4.249,3.312,4.248,0.6009,10.04
xsbench,baremetal,,2,sync,00,2,False,0.0,2,0,1.0,1.999,1.999,1.0,0.0002,23.642,1.0,1.93,1.929,1.001,0.0006,24.845
xsbench,baremetal,,2,sync,01,2,False,0.0,2,0,1.0,2.009,2.008,1.0,0.0002,23.753,1.0,1.921,1.92,1.001,0.0006,24.729
xsbench,baremetal,,2,sync,02,2,False,0.001,2,0,1.0,2.035,2.035,1.0,0.0001,24.061,1.0,1.943,1.942,1.001,0.0006,25.018
xsbench,baremetal,,2,sync,03,2,False,0.0,2,0,1.0,2.069,2.069,1.0,0.0001,24.465,1.0,1.974,1.973,1.001,0.0006,25.42
xsbench,baremetal,,2,sync,04,2,False,0.002,2,0,1.0,2.072,2.072,1.0,0.0001,24.5,1.0,1.977,1.976,1.001,0.0006,25.461
xsbench,baremetal,,4,sync,00,4,False,0.003,4,0,1.0,4.148,4.147,1.0,0.0001,49.049,1.0,3.901,3.899,1.001,0.0005,50.233
xsbench,baremetal,,4,sync,01,4,False,0.001,4,0,1.0,4.152,4.151,1.0,0.0001,49.098,1.0,3.902,3.899,1.001,0.0005,50.24
xsbench,baremetal,,4,sync,02,4,False,0.001,4,0,1.0,4.155,4.154,1.0,0.0001,49.128,1.0,3.904,3.901,1.001,0.0005,50.271
xsbench,baremetal,,4,sync,03,4,False,0.001,4,0,1.0,4.151,4.151,1.0,0.0001,49.089,1.0,3.9,3.898,1.001,0.0006,50.22
xsbench,baremetal,,4,sync,04,4,False,0.001,4,0,1.0,4.108,4.107,1.0,0.0001,48.577,1.0,3.862,3.859,1.002,0.0006,49.724
xsbench,baremetal,,8,sync,00,8,False,0.002,8,0,1.0,8.183,8.178,1.001,0.0002,96.764,1.0,7.628,7.622,1.002,0.0006,98.217
xsbench,baremetal,,8,sync,01,8,False,0.002,8,0,1.0,8.21,8.206,1.0,0.0002,97.079,1.0,7.655,7.649,1.002,0.0006,98.561
xsbench,baremetal,,8,sync,03,8,False,0.001,8,0,missing,missing,missing,missing,missing,,0.9995,0.111,0.109,1.072,0.0231,1.435
xsbench,baremetal,,8,sync,05,8,False,0.001,8,0,missing,missing,missing,missing,missing,,0.9998,0.114,0.113,1.044,0.0148,1.466
xsbench,baremetal,,8,sync,06,8,False,0.002,8,0,1.0,8.12,8.12,1.0,0.0,96.02,1.0,7.579,7.572,1.002,0.0006,97.578
xsbench,baremetal,,8,sync,07,8,False,0.001,8,0,1.0,8.273,8.269,1.001,0.0002,97.834,1.0,7.714,7.707,1.002,0.0006,99.315
xsbench,gusto_am,,2,sync,00,2,False,0.0,2,0,0.9007,2.046,1.536,1.994,0.3321,24.829,1.0,1.941,1.941,1.0,0.0001,27.045
xsbench,gusto_am,,2,sync,01,2,False,0.0,2,0,0.9006,2.053,1.541,1.995,0.3323,24.908,1.0,1.944,1.944,1.0,0.0001,27.095
xsbench,gusto_am,,2,sync,02,2,False,0.0,2,0,0.9009,2.048,1.538,1.992,0.3317,24.856,1.0,1.943,1.943,1.0,0.0,27.08
xsbench,gusto_am,,2,sync,03,2,False,0.0,2,0,0.9007,2.051,1.54,1.994,0.332,24.892,1.0,1.945,1.945,1.0,0.0001,27.1
xsbench,gusto_am,,2,sync,04,2,False,0.0,2,0,0.9007,2.046,1.536,1.994,0.332,24.832,1.0,1.942,1.942,1.0,0.0001,27.063
xsbench,gusto_am,,4,sync,00,4,False,0.001,4,0,0.9309,4.074,2.556,1.992,0.2724,49.441,1.0,3.783,3.779,1.001,0.0005,52.717
xsbench,gusto_am,,4,sync,01,4,False,0.001,4,0,0.9864,4.106,3.061,1.341,0.1176,49.82,1.0,3.779,3.779,1.0,0.0001,52.668
xsbench,gusto_am,,4,sync,02,4,False,0.001,4,0,0.9871,4.069,3.06,1.33,0.1145,49.377,1.0,3.777,3.777,1.0,0.0002,52.641
xsbench,gusto_am,,4,sync,03,4,False,0.001,4,0,0.7134,4.087,3.063,4.018,0.6338,49.59,1.0,3.763,3.763,1.0,0.0001,52.443
xsbench,gusto_am,,4,sync,04,4,False,0.0,4,0,0.9308,4.104,2.558,2.0,0.2726,49.804,1.0,3.732,3.732,1.0,0.0001,52.01
xsbench,gusto_am,,8,staggered,20,8,False,0.022,8,0,0.9742,8.181,5.066,1.615,0.1629,99.269,1.0,7.395,7.346,1.007,0.0024,103.056
xsbench,gusto_am,,8,staggered,21,8,False,0.023,8,0,0.7179,5.17,3.612,4.963,0.6268,62.731,0.9699,7.411,7.39,1.575,0.1761,103.282
xsbench,gusto_am,,8,staggered,22,8,False,0.023,8,0,0.7726,5.131,2.593,4.742,0.5425,62.26,0.9832,7.445,7.384,1.337,0.1306,103.748
xsbench,gusto_am,,8,staggered,23,8,False,0.043,8,0,0.8642,8.167,6.112,2.659,0.3963,99.1,1.0,7.385,7.367,1.003,0.0011,102.909
xsbench,gusto_am,,8,staggered,24,8,False,0.022,8,0,0.6611,5.138,4.608,4.943,0.716,62.342,0.9979,7.427,7.395,1.144,0.0456,103.499
xsbench,gusto_am,,8,sync,00,8,False,0.001,8,0,0.9747,8.212,5.118,1.608,0.161,99.644,1.0,7.455,7.379,1.011,0.0035,103.888
xsbench,gusto_am,,8,sync,01,8,False,0.001,8,0,0.6254,6.19,3.588,6.001,0.7739,75.114,0.9961,7.469,6.526,1.146,0.063,104.088
xsbench,gusto_am,,8,sync,02,8,False,0.001,8,0,0.6613,6.195,4.122,5.982,0.7157,75.171,0.9979,7.477,7.394,1.15,0.0456,104.189
xsbench,gusto_am,,8,sync,03,8,False,0.002,8,0,0.7946,4.137,3.094,3.859,0.5085,50.196,0.9956,7.453,7.429,1.149,0.0661,103.863
xsbench,gusto_am,,8,sync,04,8,False,0.002,8,0,0.5069,8.2,5.097,8.095,0.9864,99.506,1.0,7.394,7.38,1.002,0.0009,103.038
xsbench,gusto_am,,8,sync,05,8,False,0.001,8,0,missing,missing,missing,missing,missing,,0.8686,11.525,7.754,2.88,0.3889,160.604
xsbench,gusto_am,,8,sync,06,8,False,0.001,8,0,missing,missing,missing,missing,missing,,0.9743,11.479,8.64,1.5,0.1624,159.96
xsbench,gusto_am,,8,sync,07,8,False,0.002,8,0,missing,missing,missing,missing,missing,,0.9488,11.552,7.729,1.98,0.2322,160.988
xsbench,gusto_am,,8,sync,70,8,False,0.0,8,0,missing,missing,missing,missing,missing,,0.9843,7.669,7.641,1.318,0.1261,106.866
xsbench,gusto_am,,8,sync,80,8,False,0.002,8,0,missing,missing,missing,missing,missing,,0.9764,11.478,7.733,1.499,0.1555,159.945
xsbench,gusto_am,,8,sync,81,8,False,0.02,8,0,missing,missing,missing,missing,missing,,0.9592,11.514,7.706,1.985,0.2063,160.456
xsbench,gusto_am,,8,sync,82,8,False,0.001,8,0,missing,missing,missing,missing,missing,,0.8728,9.668,9.634,2.412,0.3817,134.722
xsbench,gusto_gpudirect,,2,sync,00,2,False,0.0,2,0,0.9009,2.059,1.546,1.992,0.3316,24.493,1.0,1.933,1.933,1.0,0.0001,26.6
xsbench,gusto_gpudirect,,2,sync,01,2,False,0.0,2,0,0.9011,2.057,1.545,1.991,0.3314,24.471,1.0,1.925,1.925,1.0,0.0001,26.489
xsbench,gusto_gpudirect,,2,sync,02,2,False,0.0,2,0,0.901,2.057,1.545,1.992,0.3314,24.464,1.0,1.942,1.942,1.0,0.0001,26.721
xsbench,gusto_gpudirect,,2,sync,03,2,False,0.0,2,0,0.9007,2.055,1.543,1.994,0.332,24.45,1.0,1.931,1.931,1.0,0.0001,26.577
xsbench,gusto_gpudirect,,2,sync,04,2,False,0.0,2,0,0.9011,2.055,1.544,1.991,0.3312,24.446,1.0,1.926,1.926,1.0,0.0001,26.506
xsbench,gusto_gpudirect,,4,sync,00,4,False,0.0,4,0,0.7309,4.129,3.104,3.948,0.6068,49.11,1.0,3.775,3.743,1.009,0.0038,51.956
xsbench,gusto_gpudirect,,4,sync,01,4,False,0.001,4,0,0.8006,3.121,2.598,2.973,0.4991,37.13,1.0,3.806,3.785,1.009,0.0037,52.373
xsbench,gusto_gpudirect,,4,sync,02,4,False,0.001,4,0,0.8421,3.146,2.106,3.018,0.4331,37.427,1.0,3.792,3.781,1.004,0.0016,52.187
xsbench,gusto_gpudirect,,4,sync,03,4,False,0.001,4,0,0.8478,3.123,2.088,2.967,0.4237,37.143,1.0,3.807,3.784,1.009,0.0034,52.388
xsbench,gusto_gpudirect,,4,sync,04,4,False,0.001,4,0,0.8049,3.114,2.598,2.932,0.4924,37.046,1.0,3.797,3.774,1.009,0.0036,52.257
xsbench,gusto_gpudirect,,8,sync,00,8,False,0.002,8,0,0.7163,5.261,3.181,4.848,0.6293,62.58,0.9956,7.52,7.477,1.148,0.0663,103.482
xsbench,gusto_gpudirect,,8,sync,01,8,False,0.002,8,0,0.7477,5.251,3.162,4.816,0.5809,62.459,0.9964,7.558,7.517,1.148,0.0599,104.006
xsbench,gusto_gpudirect,,8,sync,02,8,False,0.001,8,0,0.6435,7.353,4.195,6.844,0.7443,87.465,1.0,7.539,7.498,1.011,0.0036,103.744
xsbench,gusto_gpudirect,,8,sync,03,8,False,0.002,8,0,0.6614,5.24,4.181,4.896,0.7154,62.327,1.0,7.447,7.428,1.006,0.0028,102.478
xsbench,gusto_gpudirect,,8,sync,04,8,False,0.002,8,0,0.9226,6.305,4.688,2.031,0.2896,75.0,1.0,7.481,7.459,1.006,0.003,102.946
xsbench,gusto_gpudirect,,8,sync,05,8,False,0.002,8,0,missing,missing,missing,missing,missing,,0.9828,9.749,7.77,1.662,0.1322,134.165
xsbench,gusto_gpudirect,,8,sync,06,8,False,0.001,8,0,missing,missing,missing,missing,missing,,0.9893,9.744,7.811,1.251,0.1038,134.099
xsbench,gusto_gpudirect,,8,sync,07,8,False,0.002,8,0,missing,missing,missing,missing,missing,,0.9818,7.88,7.856,1.316,0.1362,108.438
xsbench,tcp,,2,sync,00,2,False,0.0,2,0,0.9004,2.035,1.527,1.997,0.3327,24.858,1.0,1.891,1.89,1.0,0.0002,26.514
xsbench,tcp,,2,sync,01,2,False,0.0,2,0,1.0,4.206,4.206,1.0,0.0,51.386,1.0,3.736,3.736,1.0,0.0001,52.394
xsbench,tcp,,2,sync,02,2,False,0.0,2,0,0.9003,4.189,3.144,1.997,0.3327,51.177,1.0,3.72,3.719,1.0,0.0001,52.166
xsbench,tcp,,2,sync,10,2,False,0.0,2,0,1.0,1.006,1.004,1.004,0.0021,12.289,1.0,1.939,1.938,1.001,0.0007,27.194
xsbench,tcp,,2,sync,11,2,False,0.0,2,0,0.9011,2.021,1.518,1.991,0.3313,24.687,1.0,1.921,1.92,1.001,0.0005,26.934
xsbench,tcp,,2,sync,12,2,False,0.0,2,0,0.9009,2.035,1.528,1.993,0.3317,24.862,1.0,1.97,1.97,1.001,0.0004,27.632
xsbench,tcp,,2,sync,13,2,False,0.0,2,0,0.9009,2.033,1.526,1.992,0.3316,24.831,1.0,1.977,1.977,1.0,0.0002,27.724
xsbench,tcp,,4,sync,00,4,False,0.001,4,0,0.9869,4.029,3.023,1.333,0.1153,49.215,1.0,3.617,3.616,1.0,0.0002,50.722
xsbench,tcp,,4,sync,01,4,False,0.001,4,0,0.6805,8.394,7.346,3.991,0.6852,102.546,1.0,7.386,7.385,1.0,0.0001,103.575
xsbench,tcp,,4,sync,02,4,False,0.001,4,0,0.9801,8.409,7.36,1.333,0.1426,102.727,1.0,7.401,7.399,1.0,0.0002,103.786
xsbench,tcp,,4,sync,10,4,False,0.001,4,0,0.7277,4.061,3.046,3.994,0.6117,49.61,1.0,3.831,3.829,1.001,0.0003,53.728
xsbench,tcp,,4,sync,11,4,False,0.001,4,0,0.9869,4.06,3.046,1.333,0.1154,49.595,1.0,3.737,3.737,1.0,0.0002,52.413
xsbench,tcp,,4,sync,12,4,False,0.0,4,0,0.7166,4.024,3.019,3.98,0.6289,49.161,1.0,3.75,3.748,1.001,0.0005,52.594
xsbench,tcp,,4,sync,13,4,False,0.001,4,0,0.9309,4.027,2.521,1.995,0.2724,49.192,1.0,3.735,3.733,1.001,0.0005,52.384
xsbench,tcp,,8,sync,01,8,False,0.002,8,0,missing,missing,missing,missing,missing,,0.9804,7.507,6.571,1.33,0.1415,105.272
xsbench,ucx_host_rma,,2,sync,00,2,False,0.0,2,0,0.9003,2.049,1.537,1.998,0.3328,24.569,1.0,1.954,1.954,1.0,0.0001,27.336
xsbench,ucx_host_rma,,2,sync,01,2,False,0.001,2,0,0.9005,2.05,1.538,1.996,0.3325,24.58,1.0,1.933,1.933,1.0,0.0001,27.032
xsbench,ucx_host_rma,,2,sync,02,2,False,0.0,2,0,0.9013,2.065,1.551,1.99,0.331,24.762,1.0,1.958,1.957,1.002,0.0008,27.39
xsbench,ucx_host_rma,,2,sync,03,2,False,0.0,2,0,0.9004,2.075,1.557,1.996,0.3325,24.888,1.0,1.965,1.965,1.0,0.0001,27.486
xsbench,ucx_host_rma,,2,sync,04,2,False,0.0,2,0,0.9009,2.066,1.552,1.993,0.3317,24.781,1.0,1.945,1.945,1.0,0.0001,27.204
xsbench,ucx_host_rma,,4,sync,02,4,False,0.001,4,0,0.9006,2.092,1.558,2.039,0.3322,25.091,0.932,4.269,3.366,1.748,0.2701,59.707
xsbench,ucx_host_rma,,4,sync,03,4,False,0.001,4,0,0.9865,4.12,3.076,1.339,0.1171,49.402,1.0,3.753,3.744,1.003,0.0012,52.496
xsbench,ucx_host_rma,,4,sync,04,4,False,0.001,4,0,0.9867,4.115,3.08,1.336,0.1162,49.349,1.0,3.801,3.774,1.008,0.0032,53.166
xsbench,ucx_host_rma,,8,staggered,20,8,False,0.023,8,0,0.6756,6.296,3.665,5.964,0.693,75.499,1.0,7.444,7.421,1.007,0.0026,104.116
xsbench,ucx_host_rma,,8,sync,00,8,False,0.002,8,0,0.6933,5.154,3.631,4.995,0.6652,61.807,0.9979,7.434,6.43,1.163,0.046,103.976
xsbench,ucx_host_rma,,8,sync,01,8,False,0.001,8,0,0.6797,5.23,4.176,4.882,0.6865,62.721,0.9965,7.391,7.344,1.148,0.0594,103.367
xsbench,ucx_host_rma,,8,sync,02,8,False,0.002,8,0,0.8681,3.169,2.095,3.089,0.3897,38.001,0.9441,7.466,4.725,1.979,0.2434,104.419
xsbench,ucx_host_rma,,8,sync,03,8,False,0.002,8,0,0.6394,6.248,4.67,5.95,0.7511,74.928,1.0,7.367,7.33,1.009,0.0029,103.03
xsbench,ucx_host_rma,,8,sync,04,8,False,0.002,8,0,0.7458,4.173,2.596,4.07,0.5838,50.042,0.9796,7.448,5.59,1.601,0.1442,104.166
