workload,system,variante,N,mode,corridas,jain_int_mediana,jain_wall_mediana,peor_slowdown_wall_mediana,mediana_slowdown_wall_mediana,ratio_lento_rapido_wall_mediana,start_spread_s_mediana,corridas_trabajo_identico
babelstream,baremetal,,2,sync,5,0.9948,1.0,2.038,2.038,1.0,0.0,5
babelstream,baremetal,,4,sync,5,0.9981,1.0,3.957,3.957,1.005,0.001,5
babelstream,baremetal,,8,stagger,5,0.9916,0.9883,6.741,6.578,1.371,14.018,5
babelstream,baremetal,,8,stagger0p009,3,0.9976,1.0,7.808,7.789,1.014,0.085,3
babelstream,baremetal,,8,stagger0p019,3,0.9987,1.0,7.768,7.757,1.009,0.148,3
babelstream,baremetal,,8,stagger0p037,3,0.9968,0.9999,7.754,7.729,1.033,0.255,3
babelstream,baremetal,,8,stagger0p075,3,0.9965,0.9997,7.708,7.672,1.054,0.529,3
babelstream,baremetal,,8,stagger0p15,3,0.996,0.9997,7.652,7.63,1.052,1.054,3
babelstream,baremetal,,8,stagger0p5,3,0.9947,0.9994,7.466,7.414,1.079,3.508,3
babelstream,baremetal,,8,sync,5,0.9972,1.0,7.814,7.796,1.007,0.001,5
babelstream,baremetal_mps,,2,sync,5,1.0,1.0,1.904,1.903,1.0,0.0,5
babelstream,baremetal_mps,,4,sync,5,0.9999,1.0,3.706,3.697,1.005,0.001,5
babelstream,baremetal_mps,,8,stagger,5,0.9854,0.9884,6.257,6.1,1.372,14.02,5
babelstream,baremetal_mps,,8,sync,5,0.9934,1.0,7.309,7.3,1.008,0.002,5
babelstream,gusto_am,,2,sync,5,1.0,1.0,1.783,1.783,1.0,0.0,5
babelstream,gusto_am,,4,sync,5,0.9973,1.0,3.378,3.345,1.015,0.001,5
babelstream,gusto_am,,8,stagger,5,0.9902,0.9899,5.704,5.568,1.341,14.013,5
babelstream,gusto_am,,8,stagger0p009,3,0.9919,0.9998,6.598,6.516,1.045,0.065,3
babelstream,gusto_am,,8,stagger0p019,3,0.9926,0.9998,6.539,6.511,1.05,0.127,3
babelstream,gusto_am,,8,stagger0p037,3,0.996,1.0,6.544,6.497,1.018,0.275,3
babelstream,gusto_am,,8,stagger0p075,3,0.9953,0.9997,6.542,6.502,1.054,0.547,3
babelstream,gusto_am,,8,stagger0p15,3,0.9945,0.9997,6.477,6.445,1.058,1.056,3
babelstream,gusto_am,,8,stagger0p5,3,0.9992,0.9994,6.314,6.251,1.081,3.513,3
babelstream,gusto_am,,8,sync,5,0.9943,0.9999,6.599,6.541,1.034,0.001,5
babelstream,tcp,,2,sync,5,1.0,0.9998,1.932,1.932,1.029,0.0,5
babelstream,tcp,,4,sync,5,0.9979,0.9989,3.487,3.378,1.088,0.001,5
babelstream,tcp,,8,stagger,5,0.99,0.9902,5.536,5.074,1.35,14.016,5
babelstream,tcp,,8,sync,5,0.9996,0.9984,6.473,6.237,1.128,0.001,5
babelstream,tcp,final,2,sync,5,1.0,0.9998,1.932,1.932,1.029,0.0,5
babelstream,tcp,final,4,sync,5,0.9979,0.9989,3.487,3.378,1.088,0.001,5
babelstream,tcp,final,8,stagger,5,0.99,0.9902,5.536,5.074,1.35,14.016,5
babelstream,tcp,final,8,sync,5,0.9996,0.9984,6.473,6.237,1.128,0.001,5
babelstream,tcp,modoff,2,sync,5,1.0,0.9985,1.58,1.544,1.082,0.0,5
babelstream,tcp,modoff,4,sync,5,0.9847,0.9887,2.953,2.755,1.293,0.001,5
babelstream,tcp,modoff,8,stagger,5,0.971,0.9575,4.551,4.268,1.757,14.018,5
babelstream,tcp,modoff,8,sync,5,0.9953,0.9911,5.358,5.08,1.318,0.002,5
babelstream,ucx_host_rma,,2,sync,5,1.0,1.0,1.8,1.8,1.0,0.0,5
babelstream,ucx_host_rma,,4,sync,5,0.9999,1.0,3.428,3.412,1.01,0.0,5
babelstream,ucx_host_rma,,8,stagger,5,0.9824,0.99,5.748,5.596,1.336,14.01,5
babelstream,ucx_host_rma,,8,sync,5,0.9971,1.0,6.633,6.608,1.015,0.002,5
cloverleaf,baremetal,,2,sync,5,,1.0,2.169,2.169,1.0,0.0,0
cloverleaf,baremetal,,4,sync,5,,1.0,4.317,4.302,1.004,0.001,0
cloverleaf,baremetal,,8,stagger,5,,0.9949,7.753,7.613,1.24,14.009,0
cloverleaf,baremetal,,8,sync,5,,1.0,8.602,8.588,1.005,0.002,0
cloverleaf,baremetal_mps,,2,sync,5,,1.0,2.031,2.031,1.0,0.0,0
cloverleaf,baremetal_mps,,4,sync,5,,1.0,4.227,4.219,1.004,0.001,0
cloverleaf,baremetal_mps,,8,stagger,5,,0.9951,7.863,7.682,1.237,14.016,0
cloverleaf,baremetal_mps,,8,sync,5,,1.0,8.713,8.697,1.004,0.002,0
cloverleaf,baremetal_mps,previo,2,sync,5,,1.0,2.03,2.03,1.0,0.0,0
cloverleaf,baremetal_mps,previo,4,sync,5,,1.0,4.225,4.21,1.004,0.001,0
cloverleaf,baremetal_mps,previo,8,stagger,5,,0.9951,7.845,7.687,1.238,14.004,0
cloverleaf,baremetal_mps,previo,8,sync,5,,1.0,8.71,8.694,1.011,0.002,0
cloverleaf,gusto_am,,2,sync,5,,1.0,1.998,1.998,1.0,0.0,0
cloverleaf,gusto_am,,4,sync,5,,1.0,4.09,4.083,1.01,0.001,0
cloverleaf,gusto_am,,8,stagger,5,,0.9967,7.583,7.44,1.196,14.011,0
cloverleaf,gusto_am,,8,sync,5,,1.0,8.4,8.386,1.019,0.001,0
cloverleaf,results_prefix_tcp,,8,seed01,1,,,,,,0.001,0
cloverleaf,results_prefix_tcp,,8,seed02,1,,,,,,0.002,0
cloverleaf,results_prefix_tcp,,8,seed03,1,,,,,,0.001,0
cloverleaf,results_prefix_tcp,,8,seed04,1,,,,,,0.001,0
cloverleaf,results_tcp_modon_parcial,,2,sync,5,,0.9999,2.079,2.067,1.015,0.0,0
cloverleaf,results_tcp_modon_parcial,,4,sync,5,,0.9983,4.67,4.537,1.105,0.001,0
cloverleaf,results_tcp_modon_parcial,,8,stagger,5,,0.9963,9.431,9.262,1.182,14.011,0
cloverleaf,results_tcp_modon_parcial,,8,sync,4,,0.9979,9.7895,9.4945,1.1515,0.002,0
cloverleaf,tcp,,2,sync,5,,0.9999,2.399,2.384,1.015,0.0,0
cloverleaf,tcp,,4,sync,5,,0.9983,5.388,5.234,1.105,0.001,0
cloverleaf,tcp,,8,stagger,5,,0.9963,10.881,10.685,1.182,14.011,0
cloverleaf,tcp,,8,sync,5,,0.9957,11.482,11.147,1.194,0.002,0
cloverleaf,tcp,modoff,2,sync,5,,0.9999,2.399,2.384,1.015,0.0,0
cloverleaf,tcp,modoff,4,sync,5,,0.9983,5.388,5.234,1.105,0.001,0
cloverleaf,tcp,modoff,8,stagger,5,,0.9963,10.881,10.685,1.182,14.011,0
cloverleaf,tcp,modoff,8,sync,5,,0.9957,11.482,11.147,1.194,0.002,0
cloverleaf,ucx_host_rma,,2,sync,5,,1.0,1.999,1.992,1.007,0.0,0
cloverleaf,ucx_host_rma,,4,sync,5,,1.0,4.078,4.051,1.01,0.001,0
cloverleaf,ucx_host_rma,,8,stagger,5,,0.9967,7.599,7.463,1.2,14.018,0
cloverleaf,ucx_host_rma,,8,sync,5,,1.0,8.404,8.383,1.015,0.001,0
minibude,baremetal,,2,sync,5,1.0,1.0,1.988,1.988,1.0,0.0,5
minibude,baremetal,,4,sync,5,0.9998,0.9998,3.976,3.914,1.032,0.0,5
minibude,baremetal,,8,sync,5,0.9998,0.9998,7.953,7.831,1.032,0.0,5
minibude,baremetal_mps,,2,sync,5,1.0,1.0,1.988,1.988,1.0,0.0,5
minibude,baremetal_mps,,4,sync,5,0.9992,0.9992,3.977,3.976,1.067,0.0,5
minibude,baremetal_mps,,8,sync,5,1.0,1.0,7.955,7.952,1.016,0.0,5
minibude,gusto_gpudirect,,2,sync,5,1.0,1.0,1.0,1.0,1.0,0.0,5
minibude,gusto_gpudirect,,4,sync,5,0.8735,0.8735,2.374,2.0,2.374,1.0,5
minibude,gusto_gpudirect,,8,sync,15,0.6962,0.6962,4.874,3.75,4.871,2.0,15
minibude,tcp,,2,sync,5,1.0,1.0,1.001,1.0,1.002,0.0,5
minibude,tcp,,4,sync,5,0.9788,0.9788,1.997,1.747,1.454,0.0,5
minibude,tcp,,8,sync,5,0.6691,0.6691,4.865,3.93,4.619,0.0,5
minibude,ucx_host_rma,,2,sync,5,1.0,1.0,1.0,1.0,1.0,0.0,5
minibude,ucx_host_rma,,4,sync,5,0.8548,0.8548,2.374,2.187,2.374,1.0,5
minibude,ucx_host_rma,,8,sync,14,0.7459,0.7459,4.312,3.2185,4.3105,2.0,14
xsbench,baremetal,,2,sync,5,1.0,1.0,1.943,1.942,1.001,0.0,0
xsbench,baremetal,,4,sync,5,1.0,1.0,3.901,3.899,1.001,0.001,0
xsbench,baremetal,,8,sync,6,1.0,1.0,7.6035,7.597,1.002,0.002,0
xsbench,gusto_am,,2,sync,5,0.9007,1.0,1.943,1.943,1.0,0.0,0
xsbench,gusto_am,,4,sync,5,0.9309,1.0,3.777,3.777,1.0,0.001,0
xsbench,gusto_am,,8,staggered,5,0.7726,0.9979,7.411,7.384,1.144,0.023,0
xsbench,gusto_am,,8,sync,12,0.6613,0.9804,8.6685,7.6735,1.4085,0.001,0
xsbench,gusto_gpudirect,,2,sync,5,0.901,1.0,1.931,1.931,1.0,0.0,0
xsbench,gusto_gpudirect,,4,sync,5,0.8049,1.0,3.797,3.781,1.009,0.001,0
xsbench,gusto_gpudirect,,8,sync,8,0.7163,0.996,7.5485,7.5075,1.148,0.002,0
xsbench,tcp,,2,sync,7,0.9009,1.0,1.97,1.97,1.0,0.0,0
xsbench,tcp,,4,sync,7,0.9309,1.0,3.75,3.748,1.0,0.001,0
xsbench,tcp,,8,sync,1,,0.9804,7.507,6.571,1.33,0.002,0
xsbench,ucx_host_rma,,2,sync,5,0.9005,1.0,1.954,1.954,1.0,0.0,0
xsbench,ucx_host_rma,,4,sync,3,0.9865,1.0,3.801,3.744,1.008,0.001,0
xsbench,ucx_host_rma,,8,staggered,1,0.6756,1.0,7.444,7.421,1.007,0.023,0
xsbench,ucx_host_rma,,8,sync,5,0.6933,0.9965,7.434,6.43,1.163,0.002,0
