system,run,tenant_id,offered_work,completed_iterations,t_start_epoch_s,first_progress_s,slowdown,normalized_progress,mult_min,mult_p50,mult_max,iters_sin_espera,longest_no_progress_s,correctness,multiplicadores
baremetal,run_baremetal_n8_r1,1,poses=65536;prot=938;lig=26,10,1785142908,1.474,7.831,0.1277,4.99,7.95,7.96,0,2.055,valid=true;max_diff_%=0.014,5.0 7.9 8.0 8.0 8.0 8.0 8.0 8.0 8.0 7.0
baremetal,run_baremetal_n8_r1,2,poses=65536;prot=938;lig=26,10,1785142908,0.584,7.953,0.1257,1.98,7.95,7.96,0,2.054,valid=true;max_diff_%=0.014,2.0 8.0 8.0 8.0 8.0 8.0 8.0 8.0 8.0 8.0
baremetal,run_baremetal_n8_r1,3,poses=65536;prot=938;lig=26,10,1785142908,0.297,7.951,0.1258,1.01,7.95,7.95,1,2.053,valid=true;max_diff_%=0.014,1.0 2.0 8.0 8.0 8.0 8.0 8.0 8.0 8.0 8.0
baremetal,run_baremetal_n8_r1,4,poses=65536;prot=938;lig=26,10,1785142908,1.767,7.831,0.1277,5.98,7.95,7.96,0,2.054,valid=true;max_diff_%=0.014,6.0 8.0 8.0 8.0 8.0 8.0 8.0 8.0 8.0 7.0
baremetal,run_baremetal_n8_r1,5,poses=65536;prot=938;lig=26,10,1785142908,2.059,7.831,0.1277,6.97,7.95,7.96,0,2.054,valid=true;max_diff_%=0.014,7.0 8.0 8.0 8.0 8.0 8.0 8.0 8.0 8.0 7.0
baremetal,run_baremetal_n8_r1,6,poses=65536;prot=938;lig=26,10,1785142908,1.179,7.83,0.1277,3.99,7.95,7.96,0,2.054,valid=true;max_diff_%=0.014,4.0 8.0 8.0 8.0 8.0 8.0 8.0 8.0 8.0 7.0
baremetal,run_baremetal_n8_r1,7,poses=65536;prot=938;lig=26,10,1785142908,0.887,7.829,0.1277,3.0,7.95,7.96,0,2.055,valid=true;max_diff_%=0.014,3.0 7.9 8.0 8.0 8.0 8.0 8.0 8.0 8.0 7.0
baremetal,run_baremetal_n8_r1,8,poses=65536;prot=938;lig=26,10,1785142908,0.594,7.829,0.1277,2.01,7.95,7.96,0,2.054,valid=true;max_diff_%=0.014,2.0 7.9 8.0 8.0 8.0 8.0 8.0 8.0 8.0 7.0
baremetal,run_baremetal_n8_r2,1,poses=65536;prot=938;lig=26,10,1785142932,1.77,7.707,0.1297,5.99,7.95,7.96,0,2.056,valid=true;max_diff_%=0.014,6.0 8.0 8.0 8.0 8.0 8.0 8.0 8.0 8.0 6.0
baremetal,run_baremetal_n8_r2,2,poses=65536;prot=938;lig=26,10,1785142932,0.878,7.952,0.1257,2.97,7.95,7.96,0,2.056,valid=true;max_diff_%=0.014,3.0 8.0 8.0 8.0 8.0 8.0 8.0 8.0 8.0 8.0
baremetal,run_baremetal_n8_r2,3,poses=65536;prot=938;lig=26,10,1785142932,0.297,7.951,0.1258,1.01,7.95,7.95,1,2.053,valid=true;max_diff_%=0.014,1.0 5.0 8.0 8.0 8.0 8.0 8.0 8.0 8.0 8.0
baremetal,run_baremetal_n8_r2,4,poses=65536;prot=938;lig=26,10,1785142932,1.184,7.955,0.1257,4.01,7.95,7.97,0,2.059,valid=true;max_diff_%=0.014,4.0 8.0 8.0 8.0 8.0 8.0 8.0 8.0 8.0 8.0
baremetal,run_baremetal_n8_r2,5,poses=65536;prot=938;lig=26,10,1785142932,0.588,7.952,0.1258,1.99,7.95,7.96,0,2.055,valid=true;max_diff_%=0.014,2.0 5.0 8.0 8.0 8.0 8.0 8.0 8.0 8.0 8.0
baremetal,run_baremetal_n8_r2,6,poses=65536;prot=938;lig=26,10,1785142932,2.063,7.707,0.1297,5.98,7.95,7.96,0,2.056,valid=true;max_diff_%=0.014,7.0 8.0 8.0 8.0 8.0 8.0 8.0 8.0 8.0 6.0
baremetal,run_baremetal_n8_r2,7,poses=65536;prot=938;lig=26,10,1785142932,0.892,7.953,0.1257,3.02,7.95,7.97,0,2.057,valid=true;max_diff_%=0.014,3.0 8.0 8.0 8.0 8.0 8.0 8.0 8.0 8.0 8.0
baremetal,run_baremetal_n8_r2,8,poses=65536;prot=938;lig=26,10,1785142932,1.477,7.706,0.1298,5.0,7.95,7.96,0,2.056,valid=true;max_diff_%=0.014,5.0 8.0 8.0 8.0 8.0 8.0 8.0 8.0 8.0 6.0
baremetal,run_baremetal_n8_r3,1,poses=65536;prot=938;lig=26,10,1785142956,1.77,7.707,0.1297,5.99,7.95,7.96,0,2.056,valid=true;max_diff_%=0.014,6.0 8.0 8.0 8.0 8.0 8.0 8.0 8.0 8.0 6.0
baremetal,run_baremetal_n8_r3,2,poses=65536;prot=938;lig=26,10,1785142956,2.063,7.707,0.1297,5.98,7.95,7.96,0,2.056,valid=true;max_diff_%=0.014,7.0 8.0 8.0 8.0 8.0 8.0 8.0 8.0 8.0 6.0
baremetal,run_baremetal_n8_r3,3,poses=65536;prot=938;lig=26,10,1785142956,0.894,7.953,0.1257,3.03,7.95,7.97,0,2.058,valid=true;max_diff_%=0.014,3.0 8.0 8.0 8.0 8.0 8.0 8.0 8.0 8.0 8.0
baremetal,run_baremetal_n8_r3,4,poses=65536;prot=938;lig=26,10,1785142956,0.587,7.952,0.1258,1.99,7.95,7.96,0,2.055,valid=true;max_diff_%=0.014,2.0 5.0 8.0 8.0 8.0 8.0 8.0 8.0 8.0 8.0
baremetal,run_baremetal_n8_r3,5,poses=65536;prot=938;lig=26,10,1785142956,0.297,7.952,0.1258,1.01,7.95,7.96,1,2.055,valid=true;max_diff_%=0.014,1.0 4.0 8.0 8.0 8.0 8.0 8.0 8.0 8.0 8.0
baremetal,run_baremetal_n8_r3,6,poses=65536;prot=938;lig=26,10,1785142956,1.189,7.83,0.1277,4.02,7.95,7.96,0,2.054,valid=true;max_diff_%=0.014,4.0 8.0 8.0 8.0 8.0 8.0 8.0 8.0 8.0 7.0
baremetal,run_baremetal_n8_r3,7,poses=65536;prot=938;lig=26,10,1785142956,1.477,7.706,0.1298,5.0,7.95,7.96,0,2.056,valid=true;max_diff_%=0.014,5.0 8.0 8.0 8.0 8.0 8.0 8.0 8.0 8.0 6.0
baremetal,run_baremetal_n8_r3,8,poses=65536;prot=938;lig=26,10,1785142956,0.881,7.952,0.1257,2.98,7.95,7.96,0,2.056,valid=true;max_diff_%=0.014,3.0 8.0 8.0 8.0 8.0 8.0 8.0 8.0 8.0 8.0
baremetal,run_baremetal_n8_r4,1,poses=65536;prot=938;lig=26,10,1785142980,1.183,7.581,0.1319,4.01,7.95,7.97,0,2.058,valid=true;max_diff_%=0.014,4.0 8.0 8.0 8.0 8.0 8.0 8.0 8.0 8.0 5.0
baremetal,run_baremetal_n8_r4,2,poses=65536;prot=938;lig=26,10,1785142980,0.297,7.951,0.1258,1.01,7.95,7.96,1,2.055,valid=true;max_diff_%=0.014,1.0 4.0 7.9 8.0 8.0 8.0 8.0 8.0 8.0 8.0
baremetal,run_baremetal_n8_r4,3,poses=65536;prot=938;lig=26,10,1785142980,1.768,7.583,0.1319,4.99,7.95,7.97,0,2.058,valid=true;max_diff_%=0.014,6.0 8.0 8.0 8.0 8.0 8.0 8.0 8.0 8.0 5.0
baremetal,run_baremetal_n8_r4,4,poses=65536;prot=938;lig=26,10,1785142980,1.476,7.582,0.1319,4.98,7.95,7.97,0,2.058,valid=true;max_diff_%=0.014,5.0 8.0 8.0 8.0 8.0 8.0 8.0 8.0 8.0 5.0
baremetal,run_baremetal_n8_r4,5,poses=65536;prot=938;lig=26,10,1785142980,0.584,7.952,0.1258,1.98,7.95,7.96,0,2.054,valid=true;max_diff_%=0.014,2.0 4.0 8.0 8.0 8.0 8.0 8.0 8.0 8.0 8.0
baremetal,run_baremetal_n8_r4,6,poses=65536;prot=938;lig=26,10,1785142980,0.87,7.953,0.1257,2.95,7.95,7.97,0,2.057,valid=true;max_diff_%=0.014,2.9 4.0 8.0 8.0 8.0 8.0 8.0 8.0 8.0 8.0
baremetal,run_baremetal_n8_r4,7,poses=65536;prot=938;lig=26,10,1785142980,1.16,7.953,0.1257,3.93,7.95,7.97,0,2.058,valid=true;max_diff_%=0.014,3.9 8.0 8.0 8.0 8.0 8.0 8.0 8.0 8.0 8.0
baremetal,run_baremetal_n8_r4,8,poses=65536;prot=938;lig=26,10,1785142980,2.063,7.582,0.1319,4.99,7.95,7.97,0,2.058,valid=true;max_diff_%=0.014,7.0 8.0 8.0 8.0 8.0 8.0 8.0 8.0 8.0 5.0
baremetal,run_baremetal_n8_r5,1,poses=65536;prot=938;lig=26,10,1785143004,2.062,7.707,0.1297,5.98,7.95,7.96,0,2.056,valid=true;max_diff_%=0.014,7.0 8.0 8.0 8.0 8.0 8.0 8.0 8.0 8.0 6.0
baremetal,run_baremetal_n8_r5,2,poses=65536;prot=938;lig=26,10,1785143004,0.297,7.951,0.1258,1.01,7.95,7.95,1,2.053,valid=true;max_diff_%=0.014,1.0 3.0 8.0 8.0 8.0 8.0 8.0 8.0 8.0 8.0
baremetal,run_baremetal_n8_r5,3,poses=65536;prot=938;lig=26,10,1785143004,0.584,7.952,0.1258,1.98,7.95,7.96,0,2.056,valid=true;max_diff_%=0.014,2.0 5.0 8.0 8.0 8.0 8.0 8.0 8.0 8.0 8.0
baremetal,run_baremetal_n8_r5,4,poses=65536;prot=938;lig=26,10,1785143004,0.891,7.829,0.1277,3.02,7.95,7.96,0,2.055,valid=true;max_diff_%=0.014,3.0 8.0 8.0 8.0 8.0 8.0 8.0 8.0 8.0 7.0
baremetal,run_baremetal_n8_r5,5,poses=65536;prot=938;lig=26,10,1785143004,1.77,7.707,0.1297,5.99,7.95,7.96,0,2.056,valid=true;max_diff_%=0.014,6.0 8.0 8.0 8.0 8.0 8.0 8.0 8.0 8.0 6.0
baremetal,run_baremetal_n8_r5,6,poses=65536;prot=938;lig=26,10,1785143004,0.878,7.952,0.1257,2.97,7.95,7.96,0,2.056,valid=true;max_diff_%=0.014,3.0 8.0 8.0 8.0 8.0 8.0 8.0 8.0 8.0 8.0
baremetal,run_baremetal_n8_r5,7,poses=65536;prot=938;lig=26,10,1785143004,1.186,7.83,0.1277,4.02,7.95,7.96,0,2.054,valid=true;max_diff_%=0.014,4.0 8.0 8.0 8.0 8.0 8.0 8.0 8.0 8.0 7.0
baremetal,run_baremetal_n8_r5,8,poses=65536;prot=938;lig=26,10,1785143004,1.478,7.706,0.1298,5.0,7.95,7.96,0,2.056,valid=true;max_diff_%=0.014,5.0 8.0 8.0 8.0 8.0 8.0 8.0 8.0 8.0 6.0
baremetal_mps,run_baremetal_mps_n8_r1,1,poses=65536;prot=938;lig=26,10,1785288223,2.063,7.707,0.1297,5.98,7.95,7.96,0,2.056,valid=true;max_diff_%=0.014,7.0 8.0 8.0 8.0 8.0 8.0 8.0 8.0 8.0 6.0
baremetal_mps,run_baremetal_mps_n8_r1,2,poses=65536;prot=938;lig=26,10,1785288223,0.892,7.953,0.1257,3.02,7.95,7.97,0,2.058,valid=true;max_diff_%=0.014,3.0 8.0 8.0 8.0 8.0 8.0 8.0 8.0 8.0 8.0
baremetal_mps,run_baremetal_mps_n8_r1,3,poses=65536;prot=938;lig=26,10,1785288223,0.58,7.952,0.1257,1.96,7.95,7.96,0,2.055,valid=true;max_diff_%=0.014,2.0 5.0 8.0 8.0 8.0 8.0 8.0 8.0 8.0 8.0
baremetal_mps,run_baremetal_mps_n8_r1,4,poses=65536;prot=938;lig=26,10,1785288223,1.477,7.706,0.1298,5.0,7.95,7.96,0,2.056,valid=true;max_diff_%=0.014,5.0 8.0 8.0 8.0 8.0 8.0 8.0 8.0 8.0 6.0
baremetal_mps,run_baremetal_mps_n8_r1,5,poses=65536;prot=938;lig=26,10,1785288223,0.872,7.952,0.1257,2.95,7.95,7.96,0,2.056,valid=true;max_diff_%=0.014,3.0 8.0 8.0 8.0 8.0 8.0 8.0 8.0 8.0 8.0
baremetal_mps,run_baremetal_mps_n8_r1,6,poses=65536;prot=938;lig=26,10,1785288223,0.297,7.951,0.1258,1.01,7.95,7.95,1,2.053,valid=true;max_diff_%=0.014,1.0 5.0 8.0 8.0 8.0 8.0 8.0 8.0 8.0 8.0
baremetal_mps,run_baremetal_mps_n8_r1,7,poses=65536;prot=938;lig=26,10,1785288223,1.77,7.707,0.1297,5.99,7.95,7.96,0,2.056,valid=true;max_diff_%=0.014,6.0 8.0 8.0 8.0 8.0 8.0 8.0 8.0 8.0 6.0
baremetal_mps,run_baremetal_mps_n8_r1,8,poses=65536;prot=938;lig=26,10,1785288223,1.184,7.955,0.1257,4.01,7.95,7.97,0,2.059,valid=true;max_diff_%=0.014,4.0 8.0 8.0 8.0 8.0 8.0 8.0 8.0 8.0 8.0
baremetal_mps,run_baremetal_mps_n8_r2,1,poses=65536;prot=938;lig=26,10,1785288247,0.301,7.953,0.1257,1.02,7.95,7.96,1,2.055,valid=true;max_diff_%=0.014,1.0 8.0 8.0 8.0 8.0 8.0 8.0 8.0 8.0 8.0
baremetal_mps,run_baremetal_mps_n8_r2,2,poses=65536;prot=938;lig=26,10,1785288247,1.177,7.955,0.1257,3.99,7.95,7.97,0,2.059,valid=true;max_diff_%=0.014,4.0 8.0 8.0 8.0 8.0 8.0 8.0 8.0 8.0 8.0
baremetal_mps,run_baremetal_mps_n8_r2,3,poses=65536;prot=938;lig=26,10,1785288247,1.472,7.954,0.1257,4.98,7.95,7.98,0,2.061,valid=true;max_diff_%=0.014,5.0 8.0 8.0 8.0 8.0 8.0 8.0 8.0 8.0 8.0
baremetal_mps,run_baremetal_mps_n8_r2,4,poses=65536;prot=938;lig=26,10,1785288247,0.297,7.951,0.1258,1.01,7.95,7.95,1,2.053,valid=true;max_diff_%=0.014,1.0 8.0 8.0 8.0 8.0 8.0 8.0 8.0 8.0 8.0
baremetal_mps,run_baremetal_mps_n8_r2,5,poses=65536;prot=938;lig=26,10,1785288247,2.059,7.955,0.1257,6.97,7.95,7.98,0,2.062,valid=true;max_diff_%=0.014,7.0 8.0 8.0 8.0 8.0 8.0 8.0 8.0 8.0 8.0
baremetal_mps,run_baremetal_mps_n8_r2,6,poses=65536;prot=938;lig=26,10,1785288247,0.886,7.953,0.1257,3.0,7.95,7.97,0,2.057,valid=true;max_diff_%=0.014,3.0 8.0 8.0 8.0 8.0 8.0 8.0 8.0 8.0 8.0
baremetal_mps,run_baremetal_mps_n8_r2,7,poses=65536;prot=938;lig=26,10,1785288247,1.764,7.956,0.1257,5.98,7.95,7.99,0,2.063,valid=true;max_diff_%=0.014,6.0 8.0 8.0 8.0 8.0 8.0 8.0 8.0 8.0 8.0
baremetal_mps,run_baremetal_mps_n8_r2,8,poses=65536;prot=938;lig=26,10,1785288247,0.596,7.952,0.1257,2.02,7.95,7.96,0,2.056,valid=true;max_diff_%=0.014,2.0 8.0 8.0 8.0 8.0 8.0 8.0 8.0 8.0 8.0
baremetal_mps,run_baremetal_mps_n8_r3,1,poses=65536;prot=938;lig=26,10,1785288271,0.884,7.953,0.1257,2.99,7.95,7.97,0,2.057,valid=true;max_diff_%=0.014,3.0 8.0 8.0 8.0 8.0 8.0 8.0 8.0 8.0 8.0
baremetal_mps,run_baremetal_mps_n8_r3,2,poses=65536;prot=938;lig=26,10,1785288271,1.177,7.954,0.1257,3.99,7.95,7.97,0,2.059,valid=true;max_diff_%=0.014,4.0 8.0 8.0 8.0 8.0 8.0 8.0 8.0 8.0 8.0
baremetal_mps,run_baremetal_mps_n8_r3,3,poses=65536;prot=938;lig=26,10,1785288271,2.057,7.955,0.1257,6.97,7.95,7.98,0,2.062,valid=true;max_diff_%=0.014,7.0 8.0 8.0 8.0 8.0 8.0 8.0 8.0 8.0 8.0
baremetal_mps,run_baremetal_mps_n8_r3,4,poses=65536;prot=938;lig=26,10,1785288271,1.764,7.955,0.1257,5.97,7.95,7.98,0,2.062,valid=true;max_diff_%=0.014,6.0 8.0 8.0 8.0 8.0 8.0 8.0 8.0 8.0 8.0
baremetal_mps,run_baremetal_mps_n8_r3,5,poses=65536;prot=938;lig=26,10,1785288271,0.59,7.953,0.1257,2.0,7.95,7.96,0,2.056,valid=true;max_diff_%=0.014,2.0 8.0 8.0 8.0 8.0 8.0 8.0 8.0 8.0 8.0
baremetal_mps,run_baremetal_mps_n8_r3,6,poses=65536;prot=938;lig=26,10,1785288271,1.47,7.955,0.1257,4.98,7.95,7.98,0,2.06,valid=true;max_diff_%=0.014,5.0 8.0 8.0 8.0 8.0 8.0 8.0 8.0 8.0 8.0
baremetal_mps,run_baremetal_mps_n8_r3,7,poses=65536;prot=938;lig=26,10,1785288271,0.297,7.952,0.1258,1.01,7.95,7.96,1,2.054,valid=true;max_diff_%=0.014,1.0 8.0 8.0 8.0 8.0 8.0 8.0 8.0 8.0 8.0
baremetal_mps,run_baremetal_mps_n8_r3,8,poses=65536;prot=938;lig=26,10,1785288271,0.296,7.951,0.1258,1.0,7.95,7.96,1,2.055,valid=true;max_diff_%=0.014,1.0 8.0 8.0 8.0 8.0 8.0 8.0 8.0 8.0 8.0
baremetal_mps,run_baremetal_mps_n8_r4,1,poses=65536;prot=938;lig=26,10,1785288295,1.768,7.584,0.1319,4.99,7.95,7.97,0,2.058,valid=true;max_diff_%=0.014,6.0 8.0 8.0 8.0 8.0 8.0 8.0 8.0 8.0 5.0
baremetal_mps,run_baremetal_mps_n8_r4,2,poses=65536;prot=938;lig=26,10,1785288295,0.588,7.952,0.1258,1.99,7.95,7.96,0,2.054,valid=true;max_diff_%=0.014,2.0 4.0 8.0 8.0 8.0 8.0 8.0 8.0 8.0 8.0
baremetal_mps,run_baremetal_mps_n8_r4,3,poses=65536;prot=938;lig=26,10,1785288295,1.476,7.582,0.1319,4.98,7.95,7.97,0,2.058,valid=true;max_diff_%=0.014,5.0 8.0 8.0 8.0 8.0 8.0 8.0 8.0 8.0 5.0
baremetal_mps,run_baremetal_mps_n8_r4,4,poses=65536;prot=938;lig=26,10,1785288295,2.063,7.583,0.1319,4.99,7.95,7.97,0,2.058,valid=true;max_diff_%=0.014,7.0 8.0 8.0 8.0 8.0 8.0 8.0 8.0 8.0 5.0
baremetal_mps,run_baremetal_mps_n8_r4,5,poses=65536;prot=938;lig=26,10,1785288295,0.882,7.953,0.1257,2.99,7.95,7.97,0,2.057,valid=true;max_diff_%=0.014,3.0 4.0 8.0 8.0 8.0 8.0 8.0 8.0 8.0 8.0
baremetal_mps,run_baremetal_mps_n8_r4,6,poses=65536;prot=938;lig=26,10,1785288295,1.172,7.953,0.1257,3.97,7.95,7.97,0,2.058,valid=true;max_diff_%=0.014,4.0 8.0 8.0 8.0 8.0 8.0 8.0 8.0 8.0 8.0
baremetal_mps,run_baremetal_mps_n8_r4,7,poses=65536;prot=938;lig=26,10,1785288295,0.297,7.952,0.1258,1.01,7.95,7.96,1,2.055,valid=true;max_diff_%=0.014,1.0 4.0 8.0 8.0 8.0 8.0 8.0 8.0 8.0 8.0
baremetal_mps,run_baremetal_mps_n8_r4,8,poses=65536;prot=938;lig=26,10,1785288295,1.183,7.581,0.1319,4.01,7.95,7.97,0,2.058,valid=true;max_diff_%=0.014,4.0 8.0 8.0 8.0 8.0 8.0 8.0 8.0 8.0 5.0
baremetal_mps,run_baremetal_mps_n8_r5,1,poses=65536;prot=938;lig=26,10,1785288319,0.592,7.829,0.1277,2.01,7.95,7.96,0,2.054,valid=true;max_diff_%=0.014,2.0 8.0 8.0 8.0 8.0 8.0 8.0 8.0 8.0 7.0
baremetal_mps,run_baremetal_mps_n8_r5,2,poses=65536;prot=938;lig=26,10,1785288319,2.06,7.831,0.1277,6.97,7.95,7.96,0,2.054,valid=true;max_diff_%=0.014,7.0 8.0 8.0 8.0 8.0 8.0 8.0 8.0 8.0 7.0
baremetal_mps,run_baremetal_mps_n8_r5,3,poses=65536;prot=938;lig=26,10,1785288319,1.18,7.83,0.1277,3.99,7.95,7.96,0,2.054,valid=true;max_diff_%=0.014,4.0 8.0 8.0 8.0 8.0 8.0 8.0 8.0 8.0 7.0
baremetal_mps,run_baremetal_mps_n8_r5,4,poses=65536;prot=938;lig=26,10,1785288319,0.885,7.829,0.1277,3.0,7.95,7.96,0,2.055,valid=true;max_diff_%=0.014,3.0 8.0 8.0 8.0 8.0 8.0 8.0 8.0 8.0 7.0
baremetal_mps,run_baremetal_mps_n8_r5,5,poses=65536;prot=938;lig=26,10,1785288319,0.582,7.953,0.1257,1.97,7.95,7.96,0,2.054,valid=true;max_diff_%=0.014,2.0 8.0 8.0 8.0 8.0 8.0 8.0 8.0 8.0 8.0
baremetal_mps,run_baremetal_mps_n8_r5,6,poses=65536;prot=938;lig=26,10,1785288319,0.297,7.951,0.1258,1.01,7.95,7.95,1,2.053,valid=true;max_diff_%=0.014,1.0 2.0 8.0 8.0 8.0 8.0 8.0 8.0 8.0 8.0
baremetal_mps,run_baremetal_mps_n8_r5,7,poses=65536;prot=938;lig=26,10,1785288319,1.472,7.831,0.1277,4.99,7.95,7.96,0,2.055,valid=true;max_diff_%=0.014,5.0 8.0 8.0 8.0 8.0 8.0 8.0 8.0 8.0 7.0
baremetal_mps,run_baremetal_mps_n8_r5,8,poses=65536;prot=938;lig=26,10,1785288319,1.767,7.831,0.1277,5.98,7.95,7.96,0,2.054,valid=true;max_diff_%=0.014,6.0 8.0 8.0 8.0 8.0 8.0 8.0 8.0 8.0 7.0
ucx_gpudirect,run_ucx_gpudirect_n8_r1,1,poses=65536;prot=938;lig=26,10,1785288396,0.295,2.375,0.421,1.0,1.5,5.0,5,1.181,valid=true;max_diff_%=0.014,1.0 1.0 1.0 1.0 3.0 2.0 3.0 5.0 1.0 3.0
ucx_gpudirect,run_ucx_gpudirect_n8_r1,2,poses=65536;prot=938;lig=26,10,1785288395,0.295,1.001,0.9992,1.0,1.0,1.0,10,0.001,valid=true;max_diff_%=0.014,1.0 1.0 1.0 1.0 1.0 1.0 1.0 1.0 1.0 1.0
ucx_gpudirect,run_ucx_gpudirect_n8_r1,3,poses=65536;prot=938;lig=26,10,1785288396,0.886,4.874,0.2051,1.0,4.5,10.0,1,2.658,valid=true;max_diff_%=0.014,3.0 4.0 2.0 6.0 5.0 6.0 10.0 6.0 3.0 1.0
ucx_gpudirect,run_ucx_gpudirect_n8_r1,4,poses=65536;prot=938;lig=26,10,1785288397,1.476,2.5,0.4,1.0,3.0,5.0,3,1.181,valid=true;max_diff_%=0.014,5.0 3.0 4.0 4.0 2.0 1.0 4.0 3.0 1.0 1.0
ucx_gpudirect,run_ucx_gpudirect_n8_r1,5,poses=65536;prot=938;lig=26,10,1785288396,1.183,4.125,0.2425,1.0,4.0,8.0,1,2.067,valid=true;max_diff_%=0.014,4.0 4.0 1.0 8.0 6.0 6.0 4.0 2.0 3.0 3.0
ucx_gpudirect,run_ucx_gpudirect_n8_r1,6,poses=65536;prot=938;lig=26,10,1785288396,0.886,3.25,0.3077,1.0,3.0,5.0,2,1.181,valid=true;max_diff_%=0.014,3.0 3.0 4.0 3.0 5.0 1.0 5.0 5.0 1.0 2.0
ucx_gpudirect,run_ucx_gpudirect_n8_r1,7,poses=65536;prot=938;lig=26,10,1785288396,0.886,3.624,0.2759,1.0,3.5,7.0,1,1.772,valid=true;max_diff_%=0.014,3.0 4.0 2.0 5.0 3.0 2.0 7.0 4.0 1.0 5.0
ucx_gpudirect,run_ucx_gpudirect_n8_r1,8,poses=65536;prot=938;lig=26,10,1785288397,0.591,1.75,0.5714,1.0,1.5,5.0,5,1.181,valid=true;max_diff_%=0.014,2.0 2.0 1.0 2.0 1.0 2.0 1.0 1.0 1.0 5.0
ucx_gpudirect,run_ucx_gpudirect_n8_r10,1,poses=65536;prot=938;lig=26,10,1785288620,0.295,1.001,0.9993,1.0,1.0,1.0,10,0.0,valid=true;max_diff_%=0.014,1.0 1.0 1.0 1.0 1.0 1.0 1.0 1.0 1.0 1.0
ucx_gpudirect,run_ucx_gpudirect_n8_r10,2,poses=65536;prot=938;lig=26,10,1785288621,0.591,3.375,0.2963,2.0,3.0,5.0,0,1.182,valid=true;max_diff_%=0.014,2.0 4.0 2.0 4.0 3.0 5.0 3.0 5.0 2.0 3.0
ucx_gpudirect,run_ucx_gpudirect_n8_r10,3,poses=65536;prot=938;lig=26,10,1785288620,0.295,1.001,0.9995,1.0,1.0,1.0,10,0.0,valid=true;max_diff_%=0.014,1.0 1.0 1.0 1.0 1.0 1.0 1.0 1.0 1.0 1.0
ucx_gpudirect,run_ucx_gpudirect_n8_r10,4,poses=65536;prot=938;lig=26,10,1785288621,1.181,2.751,0.3636,1.0,3.5,5.0,3,1.182,valid=true;max_diff_%=0.014,4.0 4.0 5.0 4.0 3.0 1.0 4.0 3.0 1.0 1.0
ucx_gpudirect,run_ucx_gpudirect_n8_r10,5,poses=65536;prot=938;lig=26,10,1785288621,0.886,3.125,0.3199,1.0,3.5,6.0,2,1.477,valid=true;max_diff_%=0.014,3.0 6.0 5.0 5.0 5.0 4.0 2.0 1.0 1.0 2.0
ucx_gpudirect,run_ucx_gpudirect_n8_r10,6,poses=65536;prot=938;lig=26,10,1785288621,0.295,2.375,0.4211,1.0,1.0,7.0,6,1.772,valid=true;max_diff_%=0.014,1.0 1.0 1.0 1.0 2.0 1.0 3.0 3.0 7.0 1.0
ucx_gpudirect,run_ucx_gpudirect_n8_r10,7,poses=65536;prot=938;lig=26,10,1785288621,0.591,3.126,0.3199,1.0,2.5,5.0,1,1.181,valid=true;max_diff_%=0.014,2.0 2.0 3.0 3.0 1.0 5.0 5.0 2.0 4.0 2.0
ucx_gpudirect,run_ucx_gpudirect_n8_r10,8,poses=65536;prot=938;lig=26,10,1785288621,1.181,1.625,0.6152,1.0,1.5,4.0,5,0.886,valid=true;max_diff_%=0.014,4.0 3.0 3.0 3.0 2.0 1.0 1.0 1.0 1.0 1.0
ucx_gpudirect,run_ucx_gpudirect_n8_r11,1,poses=65536;prot=938;lig=26,10,1785288644,0.295,1.0,0.9996,1.0,1.0,1.0,10,0.0,valid=true;max_diff_%=0.014,1.0 1.0 1.0 1.0 1.0 1.0 1.0 1.0 1.0 1.0
ucx_gpudirect,run_ucx_gpudirect_n8_r11,2,poses=65536;prot=938;lig=26,10,1785288645,0.295,1.251,0.7997,1.0,1.0,2.0,8,0.296,valid=true;max_diff_%=0.014,1.0 1.0 1.0 1.0 1.0 1.0 1.0 2.0 1.0 2.0
ucx_gpudirect,run_ucx_gpudirect_n8_r11,3,poses=65536;prot=938;lig=26,10,1785288645,0.591,4.374,0.2286,2.0,3.5,10.0,0,2.657,valid=true;max_diff_%=0.014,2.0 3.0 2.0 4.0 3.0 4.0 5.0 5.0 2.0 10.0
ucx_gpudirect,run_ucx_gpudirect_n8_r11,4,poses=65536;prot=938;lig=26,10,1785288647,0.295,1.0,0.9996,1.0,1.0,1.0,10,0.0,valid=true;max_diff_%=0.014,1.0 1.0 1.0 1.0 1.0 1.0 1.0 1.0 1.0 1.0
ucx_gpudirect,run_ucx_gpudirect_n8_r11,5,poses=65536;prot=938;lig=26,10,1785288646,0.886,3.749,0.2667,1.0,3.0,6.0,1,1.476,valid=true;max_diff_%=0.014,3.0 3.0 5.0 5.0 3.0 6.0 2.0 2.0 1.0 6.0
ucx_gpudirect,run_ucx_gpudirect_n8_r11,6,poses=65536;prot=938;lig=26,10,1785288646,1.476,3.749,0.2667,1.0,4.5,7.0,2,1.772,valid=true;max_diff_%=0.014,5.0 4.0 6.0 1.0 6.0 5.0 2.0 2.0 1.0 7.0
ucx_gpudirect,run_ucx_gpudirect_n8_r11,7,poses=65536;prot=938;lig=26,10,1785288646,1.476,3.25,0.3077,1.0,3.0,7.0,2,1.772,valid=true;max_diff_%=0.014,5.0 6.0 5.0 7.0 3.0 3.0 3.0 1.0 3.0 1.0
ucx_gpudirect,run_ucx_gpudirect_n8_r11,8,poses=65536;prot=938;lig=26,10,1785288647,0.591,5.124,0.1952,1.0,4.0,13.0,1,3.543,valid=true;max_diff_%=0.014,2.0 3.0 2.0 4.0 5.0 4.0 13.0 8.0 1.0 4.0
ucx_gpudirect,run_ucx_gpudirect_n8_r12,1,poses=65536;prot=938;lig=26,10,1785288669,0.295,1.001,0.9994,1.0,1.0,1.0,10,0.0,valid=true;max_diff_%=0.014,1.0 1.0 1.0 1.0 1.0 1.0 1.0 1.0 1.0 1.0
ucx_gpudirect,run_ucx_gpudirect_n8_r12,2,poses=65536;prot=938;lig=26,10,1785288670,1.773,4.25,0.2353,1.0,3.5,10.0,1,2.658,valid=true;max_diff_%=0.014,6.0 4.0 3.0 6.0 10.0 6.0 3.0 3.0 1.0 2.0
ucx_gpudirect,run_ucx_gpudirect_n8_r12,3,poses=65536;prot=938;lig=26,10,1785288670,1.476,4.124,0.2425,1.0,4.5,9.0,1,2.362,valid=true;max_diff_%=0.014,5.0 6.0 9.0 1.0 5.0 5.0 2.0 4.0 4.0 3.0
ucx_gpudirect,run_ucx_gpudirect_n8_r12,4,poses=65536;prot=938;lig=26,10,1785288670,0.295,3.375,0.2963,1.0,3.0,6.0,1,1.476,valid=true;max_diff_%=0.014,1.0 3.0 2.0 2.0 2.0 3.0 4.0 3.0 6.0 5.0
ucx_gpudirect,run_ucx_gpudirect_n8_r12,5,poses=65536;prot=938;lig=26,10,1785288670,0.886,3.5,0.2857,1.0,3.5,7.0,2,1.772,valid=true;max_diff_%=0.014,3.0 4.0 1.0 3.0 5.0 5.0 2.0 1.0 7.0 4.0
ucx_gpudirect,run_ucx_gpudirect_n8_r12,6,poses=65536;prot=938;lig=26,10,1785288671,1.772,3.624,0.2759,1.0,3.5,7.0,1,1.772,valid=true;max_diff_%=0.014,6.0 6.0 7.0 7.0 2.0 1.0 2.0 4.0 3.0 3.0
ucx_gpudirect,run_ucx_gpudirect_n8_r12,7,poses=65536;prot=938;lig=26,10,1785288671,1.773,4.125,0.2425,2.0,4.5,8.0,0,2.067,valid=true;max_diff_%=0.014,6.0 4.0 2.0 8.0 5.0 5.0 5.0 2.0 4.0 2.0
ucx_gpudirect,run_ucx_gpudirect_n8_r12,8,poses=65536;prot=938;lig=26,10,1785288670,0.591,2.875,0.3479,1.0,2.0,6.0,1,1.476,valid=true;max_diff_%=0.014,2.0 1.0 2.0 2.0 2.0 2.0 3.0 3.0 3.0 6.0
ucx_gpudirect,run_ucx_gpudirect_n8_r13,1,poses=65536;prot=938;lig=26,10,1785288696,0.296,2.25,0.4445,1.0,1.0,5.0,7,1.181,valid=true;max_diff_%=0.014,1.0 1.0 1.0 1.0 1.0 1.0 1.0 5.0 3.0 5.0
ucx_gpudirect,run_ucx_gpudirect_n8_r13,2,poses=65536;prot=938;lig=26,10,1785288694,0.295,1.001,0.9993,1.0,1.0,1.0,10,0.0,valid=true;max_diff_%=0.014,1.0 1.0 1.0 1.0 1.0 1.0 1.0 1.0 1.0 1.0
ucx_gpudirect,run_ucx_gpudirect_n8_r13,3,poses=65536;prot=938;lig=26,10,1785288694,2.068,4.499,0.2223,1.0,4.0,11.0,1,2.953,valid=true;max_diff_%=0.014,7.0 2.0 11.0 3.0 5.0 5.0 1.0 2.0 6.0 3.0
ucx_gpudirect,run_ucx_gpudirect_n8_r13,4,poses=65536;prot=938;lig=26,10,1785288695,1.476,4.999,0.2,1.0,5.0,12.0,1,3.248,valid=true;max_diff_%=0.014,5.0 7.0 1.0 6.0 6.0 4.0 5.0 12.0 4.0 2.0
ucx_gpudirect,run_ucx_gpudirect_n8_r13,5,poses=65536;prot=938;lig=26,10,1785288696,1.773,4.624,0.2162,1.0,4.5,16.0,3,4.429,valid=true;max_diff_%=0.014,6.0 6.0 6.0 7.0 16.0 1.0 3.0 2.0 1.0 1.0
ucx_gpudirect,run_ucx_gpudirect_n8_r13,6,poses=65536;prot=938;lig=26,10,1785288696,0.886,3.25,0.3077,1.0,3.0,6.0,4,1.478,valid=true;max_diff_%=0.014,3.0 1.0 1.0 1.0 3.0 6.0 1.0 6.0 3.0 5.0
ucx_gpudirect,run_ucx_gpudirect_n8_r13,7,poses=65536;prot=938;lig=26,10,1785288696,1.181,4.875,0.2051,2.0,5.0,7.0,0,1.773,valid=true;max_diff_%=0.014,4.0 5.0 7.0 5.0 5.0 4.0 5.0 5.0 6.0 2.0
ucx_gpudirect,run_ucx_gpudirect_n8_r13,8,poses=65536;prot=938;lig=26,10,1785288696,1.476,4.374,0.2286,2.0,4.5,9.0,0,2.362,valid=true;max_diff_%=0.014,5.0 7.0 4.0 9.0 5.0 4.0 2.0 2.0 4.0 5.0
ucx_gpudirect,run_ucx_gpudirect_n8_r14,1,poses=65536;prot=938;lig=26,10,1785288720,1.772,4.25,0.2353,2.0,4.5,8.0,0,2.067,valid=true;max_diff_%=0.014,6.0 8.0 4.0 6.0 4.0 5.0 6.0 4.0 3.0 2.0
ucx_gpudirect,run_ucx_gpudirect_n8_r14,2,poses=65536;prot=938;lig=26,10,1785288721,0.591,4.75,0.2105,2.0,4.5,8.0,0,2.067,valid=true;max_diff_%=0.014,2.0 4.0 4.0 3.0 5.0 8.0 6.0 5.0 2.0 5.0
ucx_gpudirect,run_ucx_gpudirect_n8_r14,3,poses=65536;prot=938;lig=26,10,1785288720,0.295,5.0,0.2,1.0,5.0,8.0,1,2.068,valid=true;max_diff_%=0.014,1.0 5.0 4.0 5.0 7.0 8.0 7.0 5.0 2.0 2.0
ucx_gpudirect,run_ucx_gpudirect_n8_r14,4,poses=65536;prot=938;lig=26,10,1785288719,0.295,1.001,0.9993,1.0,1.0,1.0,10,0.0,valid=true;max_diff_%=0.014,1.0 1.0 1.0 1.0 1.0 1.0 1.0 1.0 1.0 1.0
ucx_gpudirect,run_ucx_gpudirect_n8_r14,5,poses=65536;prot=938;lig=26,10,1785288721,1.477,4.625,0.2162,1.0,5.0,9.0,1,2.362,valid=true;max_diff_%=0.014,5.0 7.0 2.0 6.0 2.0 5.0 9.0 9.0 3.0 1.0
ucx_gpudirect,run_ucx_gpudirect_n8_r14,6,poses=65536;prot=938;lig=26,10,1785288720,1.476,3.75,0.2666,1.0,4.5,7.0,2,1.773,valid=true;max_diff_%=0.014,5.0 7.0 5.0 7.0 2.0 6.0 4.0 4.0 1.0 1.0
ucx_gpudirect,run_ucx_gpudirect_n8_r14,7,poses=65536;prot=938;lig=26,10,1785288721,0.295,3.624,0.2759,1.0,2.0,8.0,4,2.067,valid=true;max_diff_%=0.014,1.0 1.0 1.0 2.0 1.0 2.0 5.0 8.0 2.0 8.0
ucx_gpudirect,run_ucx_gpudirect_n8_r14,8,poses=65536;prot=938;lig=26,10,1785288720,0.296,1.0,0.9997,1.0,1.0,1.0,10,0.0,valid=true;max_diff_%=0.014,1.0 1.0 1.0 1.0 1.0 1.0 1.0 1.0 1.0 1.0
ucx_gpudirect,run_ucx_gpudirect_n8_r15,1,poses=65536;prot=938;lig=26,10,1785288744,0.295,1.001,0.9994,1.0,1.0,1.0,10,0.001,valid=true;max_diff_%=0.014,1.0 1.0 1.0 1.0 1.0 1.0 1.0 1.0 1.0 1.0
ucx_gpudirect,run_ucx_gpudirect_n8_r15,2,poses=65536;prot=938;lig=26,10,1785288746,1.183,3.75,0.2667,2.0,4.5,6.0,0,1.476,valid=true;max_diff_%=0.014,4.0 5.0 2.0 2.0 5.0 6.0 5.0 5.0 3.0 2.0
ucx_gpudirect,run_ucx_gpudirect_n8_r15,3,poses=65536;prot=938;lig=26,10,1785288745,0.591,3.0,0.3333,1.0,3.0,6.0,2,1.477,valid=true;max_diff_%=0.014,2.0 3.0 1.0 1.0 3.0 3.0 6.0 3.0 4.0 3.0
ucx_gpudirect,run_ucx_gpudirect_n8_r15,4,poses=65536;prot=938;lig=26,10,1785288745,1.477,4.25,0.2353,1.0,4.5,9.0,1,2.362,valid=true;max_diff_%=0.014,5.0 4.0 1.0 5.0 6.0 5.0 2.0 9.0 2.0 4.0
ucx_gpudirect,run_ucx_gpudirect_n8_r15,5,poses=65536;prot=938;lig=26,10,1785288745,0.886,4.375,0.2286,1.0,4.0,11.0,2,2.953,valid=true;max_diff_%=0.014,3.0 5.0 4.0 1.0 6.0 4.0 1.0 4.0 4.0 11.0
ucx_gpudirect,run_ucx_gpudirect_n8_r15,6,poses=65536;prot=938;lig=26,10,1785288745,0.296,2.375,0.4211,1.0,2.0,6.0,4,1.476,valid=true;max_diff_%=0.014,1.0 2.0 1.0 1.0 6.0 1.0 2.0 2.0 4.0 2.0
ucx_gpudirect,run_ucx_gpudirect_n8_r15,7,poses=65536;prot=938;lig=26,10,1785288746,1.181,2.875,0.3478,1.0,3.5,11.0,2,2.953,valid=true;max_diff_%=0.014,4.0 11.0 2.0 5.0 4.0 3.0 3.0 4.0 1.0 1.0
ucx_gpudirect,run_ucx_gpudirect_n8_r15,8,poses=65536;prot=938;lig=26,10,1785288746,0.295,3.125,0.32,1.0,3.0,8.0,2,2.067,valid=true;max_diff_%=0.014,1.0 6.0 2.0 2.0 1.0 8.0 3.0 3.0 3.0 3.0
ucx_gpudirect,run_ucx_gpudirect_n8_r2,1,poses=65536;prot=938;lig=26,10,1785288422,2.362,3.874,0.2581,1.0,4.5,8.0,1,2.067,valid=true;max_diff_%=0.014,8.0 6.0 5.0 7.0 3.0 5.0 4.0 4.0 1.0 2.0
ucx_gpudirect,run_ucx_gpudirect_n8_r2,2,poses=65536;prot=938;lig=26,10,1785288420,0.295,1.0,0.9996,1.0,1.0,1.0,10,0.0,valid=true;max_diff_%=0.014,1.0 1.0 1.0 1.0 1.0 1.0 1.0 1.0 1.0 1.0
ucx_gpudirect,run_ucx_gpudirect_n8_r2,3,poses=65536;prot=938;lig=26,10,1785288420,0.295,1.0,0.9995,1.0,1.0,1.0,10,0.0,valid=true;max_diff_%=0.014,1.0 1.0 1.0 1.0 1.0 1.0 1.0 1.0 1.0 1.0
ucx_gpudirect,run_ucx_gpudirect_n8_r2,4,poses=65536;prot=938;lig=26,10,1785288421,0.295,2.625,0.381,1.0,1.5,6.0,5,1.476,valid=true;max_diff_%=0.014,1.0 1.0 1.0 1.0 1.0 2.0 3.0 4.0 3.0 6.0
ucx_gpudirect,run_ucx_gpudirect_n8_r2,5,poses=65536;prot=938;lig=26,10,1785288422,0.886,4.374,0.2286,2.0,4.0,6.0,0,1.476,valid=true;max_diff_%=0.014,3.0 4.0 2.0 4.0 6.0 5.0 4.0 6.0 4.0 4.0
ucx_gpudirect,run_ucx_gpudirect_n8_r2,6,poses=65536;prot=938;lig=26,10,1785288421,0.591,3.249,0.3077,1.0,2.5,6.0,3,1.476,valid=true;max_diff_%=0.014,2.0 1.0 1.0 2.0 3.0 1.0 6.0 4.0 6.0 3.0
ucx_gpudirect,run_ucx_gpudirect_n8_r2,7,poses=65536;prot=938;lig=26,10,1785288422,0.886,4.249,0.2353,3.0,4.0,7.0,0,1.772,valid=true;max_diff_%=0.014,3.0 5.0 4.0 5.0 4.0 4.0 3.0 7.0 3.0 4.0
ucx_gpudirect,run_ucx_gpudirect_n8_r2,8,poses=65536;prot=938;lig=26,10,1785288423,2.067,2.875,0.3479,1.0,3.5,7.0,1,1.772,valid=true;max_diff_%=0.014,7.0 6.0 1.0 4.0 4.0 3.0 2.0 4.0 2.0 3.0
ucx_gpudirect,run_ucx_gpudirect_n8_r3,1,poses=65536;prot=938;lig=26,10,1785288445,0.295,1.001,0.9994,1.0,1.0,1.0,10,0.001,valid=true;max_diff_%=0.014,1.0 1.0 1.0 1.0 1.0 1.0 1.0 1.0 1.0 1.0
ucx_gpudirect,run_ucx_gpudirect_n8_r3,2,poses=65536;prot=938;lig=26,10,1785288447,1.772,4.499,0.2223,1.0,4.5,7.0,1,1.772,valid=true;max_diff_%=0.014,6.0 4.0 4.0 6.0 5.0 4.0 7.0 6.0 1.0 3.0
ucx_gpudirect,run_ucx_gpudirect_n8_r3,3,poses=65536;prot=938;lig=26,10,1785288447,0.591,5.124,0.1952,2.0,3.5,11.0,0,2.953,valid=true;max_diff_%=0.014,2.0 3.0 3.0 11.0 8.0 2.0 6.0 4.0 5.0 2.0
ucx_gpudirect,run_ucx_gpudirect_n8_r3,4,poses=65536;prot=938;lig=26,10,1785288447,0.295,1.501,0.6664,1.0,1.0,3.0,7,0.591,valid=true;max_diff_%=0.014,1.0 1.0 1.0 1.0 1.0 1.0 1.0 2.0 3.0 2.0
ucx_gpudirect,run_ucx_gpudirect_n8_r3,5,poses=65536;prot=938;lig=26,10,1785288447,0.887,4.999,0.2,2.0,4.5,7.0,0,1.772,valid=true;max_diff_%=0.014,3.0 4.0 6.0 7.0 5.0 4.0 5.0 4.0 2.0 7.0
ucx_gpudirect,run_ucx_gpudirect_n8_r3,6,poses=65536;prot=938;lig=26,10,1785288447,0.296,4.999,0.2,1.0,5.0,9.0,1,2.362,valid=true;max_diff_%=0.014,1.0 7.0 2.0 9.0 8.0 2.0 5.0 5.0 5.0 4.0
ucx_gpudirect,run_ucx_gpudirect_n8_r3,7,poses=65536;prot=938;lig=26,10,1785288446,0.591,2.875,0.3478,1.0,2.0,6.0,2,1.476,valid=true;max_diff_%=0.014,2.0 2.0 1.0 3.0 1.0 2.0 3.0 2.0 6.0 5.0
ucx_gpudirect,run_ucx_gpudirect_n8_r3,8,poses=65536;prot=938;lig=26,10,1785288447,1.772,4.749,0.2106,1.0,4.5,9.0,1,2.362,valid=true;max_diff_%=0.014,6.0 4.0 5.0 2.0 6.0 8.0 9.0 4.0 3.0 1.0
ucx_gpudirect,run_ucx_gpudirect_n8_r4,1,poses=65536;prot=938;lig=26,10,1785288470,0.295,1.001,0.9995,1.0,1.0,1.0,10,0.001,valid=true;max_diff_%=0.014,1.0 1.0 1.0 1.0 1.0 1.0 1.0 1.0 1.0 1.0
ucx_gpudirect,run_ucx_gpudirect_n8_r4,2,poses=65536;prot=938;lig=26,10,1785288471,0.295,1.0,0.9996,1.0,1.0,1.0,10,0.0,valid=true;max_diff_%=0.014,1.0 1.0 1.0 1.0 1.0 1.0 1.0 1.0 1.0 1.0
ucx_gpudirect,run_ucx_gpudirect_n8_r4,3,poses=65536;prot=938;lig=26,10,1785288472,0.295,4.625,0.2162,1.0,5.0,13.0,2,3.543,valid=true;max_diff_%=0.014,1.0 13.0 6.0 7.0 3.0 5.0 6.0 4.0 5.0 1.0
ucx_gpudirect,run_ucx_gpudirect_n8_r4,4,poses=65536;prot=938;lig=26,10,1785288470,0.886,5.999,0.1667,1.0,6.5,9.0,1,2.363,valid=true;max_diff_%=0.014,3.0 3.0 6.0 1.0 8.0 2.0 8.0 9.0 7.0 7.0
ucx_gpudirect,run_ucx_gpudirect_n8_r4,5,poses=65536;prot=938;lig=26,10,1785288472,0.296,5.124,0.1952,1.0,5.0,7.0,1,1.772,valid=true;max_diff_%=0.014,1.0 4.0 2.0 7.0 2.0 7.0 6.0 7.0 4.0 6.0
ucx_gpudirect,run_ucx_gpudirect_n8_r4,6,poses=65536;prot=938;lig=26,10,1785288472,1.772,4.125,0.2424,1.0,4.5,6.0,2,1.477,valid=true;max_diff_%=0.014,6.0 1.0 6.0 3.0 6.0 6.0 5.0 2.0 4.0 1.0
ucx_gpudirect,run_ucx_gpudirect_n8_r4,7,poses=65536;prot=938;lig=26,10,1785288472,1.181,5.499,0.1818,2.0,4.5,12.0,0,3.248,valid=true;max_diff_%=0.014,4.0 4.0 2.0 12.0 7.0 2.0 8.0 6.0 2.0 5.0
ucx_gpudirect,run_ucx_gpudirect_n8_r4,8,poses=65536;prot=938;lig=26,10,1785288471,1.181,6.25,0.16,3.0,5.0,12.0,0,3.248,valid=true;max_diff_%=0.014,4.0 4.0 6.0 3.0 6.0 4.0 9.0 6.0 12.0 4.0
ucx_gpudirect,run_ucx_gpudirect_n8_r5,1,poses=65536;prot=938;lig=26,10,1785288496,0.295,1.001,0.9995,1.0,1.0,1.0,10,0.0,valid=true;max_diff_%=0.014,1.0 1.0 1.0 1.0 1.0 1.0 1.0 1.0 1.0 1.0
ucx_gpudirect,run_ucx_gpudirect_n8_r5,2,poses=65536;prot=938;lig=26,10,1785288496,0.886,4.499,0.2223,2.0,5.0,6.0,0,1.476,valid=true;max_diff_%=0.014,3.0 4.0 3.0 5.0 5.0 5.0 5.0 5.0 6.0 2.0
ucx_gpudirect,run_ucx_gpudirect_n8_r5,3,poses=65536;prot=938;lig=26,10,1785288495,0.295,1.001,0.9993,1.0,1.0,1.0,10,0.001,valid=true;max_diff_%=0.014,1.0 1.0 1.0 1.0 1.0 1.0 1.0 1.0 1.0 1.0
ucx_gpudirect,run_ucx_gpudirect_n8_r5,4,poses=65536;prot=938;lig=26,10,1785288497,1.181,4.875,0.2051,1.0,5.0,8.0,2,2.067,valid=true;max_diff_%=0.014,4.0 1.0 5.0 4.0 5.0 6.0 5.0 8.0 5.0 1.0
ucx_gpudirect,run_ucx_gpudirect_n8_r5,5,poses=65536;prot=938;lig=26,10,1785288497,1.476,3.5,0.2857,1.0,4.0,6.0,2,1.478,valid=true;max_diff_%=0.014,5.0 6.0 6.0 5.0 3.0 6.0 1.0 3.0 1.0 3.0
ucx_gpudirect,run_ucx_gpudirect_n8_r5,6,poses=65536;prot=938;lig=26,10,1785288497,1.772,3.5,0.2857,1.0,3.5,8.0,1,2.067,valid=true;max_diff_%=0.014,6.0 8.0 4.0 6.0 6.0 3.0 3.0 1.0 3.0 2.0
ucx_gpudirect,run_ucx_gpudirect_n8_r5,7,poses=65536;prot=938;lig=26,10,1785288497,1.182,5.375,0.1861,2.0,4.5,9.0,0,2.362,valid=true;max_diff_%=0.014,4.0 4.0 4.0 2.0 3.0 6.0 9.0 6.0 8.0 5.0
ucx_gpudirect,run_ucx_gpudirect_n8_r5,8,poses=65536;prot=938;lig=26,10,1785288497,0.295,4.0,0.25,1.0,3.5,6.0,2,1.476,valid=true;max_diff_%=0.014,1.0 1.0 3.0 3.0 4.0 5.0 4.0 6.0 2.0 5.0
ucx_gpudirect,run_ucx_gpudirect_n8_r6,1,poses=65536;prot=938;lig=26,10,1785288520,0.295,2.75,0.3636,1.0,2.0,6.0,4,1.476,valid=true;max_diff_%=0.014,1.0 2.0 1.0 2.0 1.0 4.0 3.0 4.0 1.0 6.0
ucx_gpudirect,run_ucx_gpudirect_n8_r6,2,poses=65536;prot=938;lig=26,10,1785288520,0.295,1.001,0.9995,1.0,1.0,1.0,10,0.001,valid=true;max_diff_%=0.014,1.0 1.0 1.0 1.0 1.0 1.0 1.0 1.0 1.0 1.0
ucx_gpudirect,run_ucx_gpudirect_n8_r6,3,poses=65536;prot=938;lig=26,10,1785288520,0.295,1.75,0.5714,1.0,1.0,4.0,6,0.886,valid=true;max_diff_%=0.014,1.0 1.0 1.0 1.0 2.0 4.0 2.0 1.0 2.0 1.0
ucx_gpudirect,run_ucx_gpudirect_n8_r6,4,poses=65536;prot=938;lig=26,10,1785288522,1.476,3.875,0.2581,1.0,4.0,11.0,3,2.953,valid=true;max_diff_%=0.014,5.0 5.0 11.0 6.0 3.0 4.0 4.0 1.0 1.0 1.0
ucx_gpudirect,run_ucx_gpudirect_n8_r6,5,poses=65536;prot=938;lig=26,10,1785288521,0.886,4.249,0.2353,2.0,3.5,6.0,0,1.477,valid=true;max_diff_%=0.014,3.0 2.0 4.0 6.0 3.0 5.0 5.0 2.0 6.0 3.0
ucx_gpudirect,run_ucx_gpudirect_n8_r6,6,poses=65536;prot=938;lig=26,10,1785288522,0.592,3.999,0.25,1.0,3.0,8.0,1,2.067,valid=true;max_diff_%=0.014,2.0 1.0 3.0 3.0 8.0 4.0 5.0 2.0 2.0 5.0
ucx_gpudirect,run_ucx_gpudirect_n8_r6,7,poses=65536;prot=938;lig=26,10,1785288522,1.476,3.874,0.2581,2.0,4.0,7.0,0,1.772,valid=true;max_diff_%=0.014,5.0 5.0 4.0 6.0 7.0 2.0 4.0 3.0 2.0 3.0
ucx_gpudirect,run_ucx_gpudirect_n8_r6,8,poses=65536;prot=938;lig=26,10,1785288522,0.591,3.999,0.25,1.0,4.5,8.0,1,2.067,valid=true;max_diff_%=0.014,2.0 8.0 2.0 5.0 5.0 6.0 4.0 6.0 3.0 1.0
ucx_gpudirect,run_ucx_gpudirect_n8_r7,1,poses=65536;prot=938;lig=26,10,1785288546,1.181,4.374,0.2286,3.0,4.0,6.0,0,1.477,valid=true;max_diff_%=0.014,4.0 4.0 4.0 3.0 5.0 5.0 4.0 6.0 4.0 4.0
ucx_gpudirect,run_ucx_gpudirect_n8_r7,2,poses=65536;prot=938;lig=26,10,1785288546,0.591,1.751,0.5712,1.0,1.5,4.0,5,0.887,valid=true;max_diff_%=0.014,2.0 3.0 1.0 1.0 3.0 1.0 1.0 4.0 2.0 1.0
ucx_gpudirect,run_ucx_gpudirect_n8_r7,3,poses=65536;prot=938;lig=26,10,1785288545,0.295,1.001,0.9993,1.0,1.0,1.0,10,0.001,valid=true;max_diff_%=0.014,1.0 1.0 1.0 1.0 1.0 1.0 1.0 1.0 1.0 1.0
ucx_gpudirect,run_ucx_gpudirect_n8_r7,4,poses=65536;prot=938;lig=26,10,1785288547,1.476,3.874,0.2581,1.0,3.5,6.0,1,1.476,valid=true;max_diff_%=0.014,5.0 1.0 2.0 2.0 5.0 6.0 6.0 2.0 6.0 2.0
ucx_gpudirect,run_ucx_gpudirect_n8_r7,5,poses=65536;prot=938;lig=26,10,1785288546,0.295,2.0,0.4999,1.0,1.5,4.0,5,0.886,valid=true;max_diff_%=0.014,1.0 1.0 1.0 1.0 1.0 2.0 2.0 3.0 2.0 4.0
ucx_gpudirect,run_ucx_gpudirect_n8_r7,6,poses=65536;prot=938;lig=26,10,1785288547,1.181,4.499,0.2223,1.0,5.0,8.0,1,2.067,valid=true;max_diff_%=0.014,4.0 5.0 6.0 5.0 5.0 2.0 8.0 1.0 6.0 3.0
ucx_gpudirect,run_ucx_gpudirect_n8_r7,7,poses=65536;prot=938;lig=26,10,1785288547,1.181,4.624,0.2162,2.0,3.5,12.0,0,3.248,valid=true;max_diff_%=0.014,4.0 5.0 12.0 8.0 2.0 2.0 6.0 3.0 2.0 2.0
ucx_gpudirect,run_ucx_gpudirect_n8_r7,8,poses=65536;prot=938;lig=26,10,1785288547,0.886,4.124,0.2425,1.0,3.0,7.0,1,1.772,valid=true;max_diff_%=0.014,3.0 2.0 2.0 2.0 3.0 6.0 7.0 1.0 6.0 6.0
ucx_gpudirect,run_ucx_gpudirect_n8_r8,1,poses=65536;prot=938;lig=26,10,1785288570,0.295,1.001,0.9993,1.0,1.0,1.0,10,0.001,valid=true;max_diff_%=0.014,1.0 1.0 1.0 1.0 1.0 1.0 1.0 1.0 1.0 1.0
ucx_gpudirect,run_ucx_gpudirect_n8_r8,2,poses=65536;prot=938;lig=26,10,1785288571,0.295,1.875,0.5333,1.0,1.0,4.0,6,0.886,valid=true;max_diff_%=0.014,1.0 1.0 1.0 2.0 2.0 1.0 1.0 3.0 4.0 1.0
ucx_gpudirect,run_ucx_gpudirect_n8_r8,3,poses=65536;prot=938;lig=26,10,1785288571,1.477,4.374,0.2286,1.0,4.5,8.0,2,2.067,valid=true;max_diff_%=0.014,5.0 3.0 8.0 7.0 5.0 1.0 4.0 7.0 1.0 2.0
ucx_gpudirect,run_ucx_gpudirect_n8_r8,4,poses=65536;prot=938;lig=26,10,1785288572,1.181,4.249,0.2353,2.0,4.0,6.0,0,1.476,valid=true;max_diff_%=0.014,4.0 6.0 2.0 5.0 6.0 4.0 3.0 4.0 6.0 4.0
ucx_gpudirect,run_ucx_gpudirect_n8_r8,5,poses=65536;prot=938;lig=26,10,1785288571,0.591,5.249,0.1905,1.0,4.5,10.0,1,2.657,valid=true;max_diff_%=0.014,2.0 3.0 4.0 5.0 4.0 1.0 5.0 5.0 8.0 10.0
ucx_gpudirect,run_ucx_gpudirect_n8_r8,6,poses=65536;prot=938;lig=26,10,1785288572,0.886,3.874,0.2581,1.0,3.5,6.0,1,1.476,valid=true;max_diff_%=0.014,3.0 3.0 5.0 3.0 1.0 2.0 4.0 6.0 5.0 5.0
ucx_gpudirect,run_ucx_gpudirect_n8_r8,7,poses=65536;prot=938;lig=26,10,1785288572,1.476,3.499,0.2858,1.0,4.0,6.0,1,1.477,valid=true;max_diff_%=0.014,5.0 6.0 4.0 5.0 1.0 6.0 4.0 2.0 2.0 4.0
ucx_gpudirect,run_ucx_gpudirect_n8_r8,8,poses=65536;prot=938;lig=26,10,1785288572,1.181,5.499,0.1819,3.0,4.5,8.0,0,2.067,valid=true;max_diff_%=0.014,4.0 3.0 3.0 8.0 4.0 7.0 6.0 7.0 5.0 4.0
ucx_gpudirect,run_ucx_gpudirect_n8_r9,1,poses=65536;prot=938;lig=26,10,1785288596,0.591,2.375,0.421,1.0,2.0,4.0,3,0.886,valid=true;max_diff_%=0.014,2.0 2.0 1.0 4.0 1.0 2.0 1.0 4.0 3.0 3.0
ucx_gpudirect,run_ucx_gpudirect_n8_r9,2,poses=65536;prot=938;lig=26,10,1785288597,1.181,3.124,0.3201,1.0,3.0,6.0,1,1.476,valid=true;max_diff_%=0.014,4.0 1.0 3.0 3.0 3.0 3.0 2.0 2.0 6.0 3.0
ucx_gpudirect,run_ucx_gpudirect_n8_r9,3,poses=65536;prot=938;lig=26,10,1785288595,0.295,1.0,0.9997,1.0,1.0,1.0,10,0.0,valid=true;max_diff_%=0.014,1.0 1.0 1.0 1.0 1.0 1.0 1.0 1.0 1.0 1.0
ucx_gpudirect,run_ucx_gpudirect_n8_r9,4,poses=65536;prot=938;lig=26,10,1785288596,0.297,2.25,0.4444,1.0,1.5,6.0,5,1.477,valid=true;max_diff_%=0.014,1.0 1.0 1.0 1.0 3.0 2.0 1.0 2.0 2.0 6.0
ucx_gpudirect,run_ucx_gpudirect_n8_r9,5,poses=65536;prot=938;lig=26,10,1785288595,0.295,1.001,0.9994,1.0,1.0,1.0,10,0.0,valid=true;max_diff_%=0.014,1.0 1.0 1.0 1.0 1.0 1.0 1.0 1.0 1.0 1.0
ucx_gpudirect,run_ucx_gpudirect_n8_r9,6,poses=65536;prot=938;lig=26,10,1785288598,1.181,1.75,0.5714,1.0,1.0,8.0,6,2.067,valid=true;max_diff_%=0.014,4.0 8.0 1.0 6.0 2.0 1.0 1.0 1.0 1.0 1.0
ucx_gpudirect,run_ucx_gpudirect_n8_r9,7,poses=65536;prot=938;lig=26,10,1785288597,1.477,4.124,0.2425,1.0,4.5,6.0,1,1.477,valid=true;max_diff_%=0.014,5.0 1.0 6.0 2.0 5.0 3.0 3.0 5.0 4.0 5.0
ucx_gpudirect,run_ucx_gpudirect_n8_r9,8,poses=65536;prot=938;lig=26,10,1785288597,1.181,3.5,0.2858,1.0,4.0,5.0,2,1.181,valid=true;max_diff_%=0.014,4.0 4.0 4.0 4.0 1.0 5.0 5.0 3.0 5.0 1.0
ucx_rdma,run_ucx_rdma_n8_r10,1,poses=65536;prot=938;lig=26,10,1785289020,0.295,1.0,0.9995,1.0,1.0,1.0,10,0.0,valid=true;max_diff_%=0.014,1.0 1.0 1.0 1.0 1.0 1.0 1.0 1.0 1.0 1.0
ucx_rdma,run_ucx_rdma_n8_r10,2,poses=65536;prot=938;lig=26,10,1785289021,0.591,2.75,0.3637,1.0,2.5,4.0,3,0.886,valid=true;max_diff_%=0.014,2.0 1.0 4.0 1.0 4.0 4.0 3.0 1.0 3.0 2.0
ucx_rdma,run_ucx_rdma_n8_r10,3,poses=65536;prot=938;lig=26,10,1785289021,0.295,2.375,0.4211,1.0,2.0,4.0,3,0.886,valid=true;max_diff_%=0.014,1.0 1.0 1.0 2.0 2.0 2.0 3.0 4.0 2.0 3.0
ucx_rdma,run_ucx_rdma_n8_r10,4,poses=65536;prot=938;lig=26,10,1785289023,1.181,1.625,0.6154,1.0,1.5,4.0,5,0.886,valid=true;max_diff_%=0.014,4.0 2.0 2.0 3.0 3.0 1.0 1.0 1.0 1.0 1.0
ucx_rdma,run_ucx_rdma_n8_r10,5,poses=65536;prot=938;lig=26,10,1785289021,0.591,3.5,0.2857,1.0,3.0,5.0,1,1.181,valid=true;max_diff_%=0.014,2.0 1.0 4.0 3.0 5.0 2.0 4.0 3.0 4.0 3.0
ucx_rdma,run_ucx_rdma_n8_r10,6,poses=65536;prot=938;lig=26,10,1785289023,0.886,2.5,0.4,1.0,2.0,4.0,1,0.886,valid=true;max_diff_%=0.014,3.0 2.0 3.0 2.0 2.0 2.0 1.0 4.0 4.0 2.0
ucx_rdma,run_ucx_rdma_n8_r10,7,poses=65536;prot=938;lig=26,10,1785289022,0.886,1.875,0.5333,1.0,1.0,5.0,6,1.181,valid=true;max_diff_%=0.014,3.0 1.0 1.0 1.0 1.0 3.0 1.0 5.0 1.0 2.0
ucx_rdma,run_ucx_rdma_n8_r10,8,poses=65536;prot=938;lig=26,10,1785289021,0.886,2.125,0.4706,1.0,2.5,3.0,2,0.591,valid=true;max_diff_%=0.014,3.0 3.0 2.0 3.0 3.0 3.0 1.0 2.0 2.0 1.0
ucx_rdma,run_ucx_rdma_n8_r11,1,poses=65536;prot=938;lig=26,10,1785289045,0.295,1.0,0.9995,1.0,1.0,1.0,10,0.0,valid=true;max_diff_%=0.014,1.0 1.0 1.0 1.0 1.0 1.0 1.0 1.0 1.0 1.0
ucx_rdma,run_ucx_rdma_n8_r11,2,poses=65536;prot=938;lig=26,10,1785289046,0.886,5.499,0.1819,3.0,5.0,8.0,0,2.067,valid=true;max_diff_%=0.014,3.0 5.0 5.0 6.0 5.0 6.0 4.0 8.0 6.0 4.0
ucx_rdma,run_ucx_rdma_n8_r11,3,poses=65536;prot=938;lig=26,10,1785289046,0.296,3.25,0.3077,1.0,2.5,7.0,3,1.772,valid=true;max_diff_%=0.014,1.0 1.0 2.0 1.0 2.0 3.0 3.0 4.0 7.0 4.0
ucx_rdma,run_ucx_rdma_n8_r11,4,poses=65536;prot=938;lig=26,10,1785289046,1.181,5.374,0.1861,3.0,5.0,7.0,0,1.772,valid=true;max_diff_%=0.014,4.0 5.0 5.0 6.0 7.0 6.0 7.0 5.0 4.0 3.0
ucx_rdma,run_ucx_rdma_n8_r11,5,poses=65536;prot=938;lig=26,10,1785289046,1.476,4.624,0.2162,2.0,5.0,7.0,0,1.772,valid=true;max_diff_%=0.014,5.0 6.0 6.0 7.0 5.0 5.0 3.0 4.0 5.0 2.0
ucx_rdma,run_ucx_rdma_n8_r11,6,poses=65536;prot=938;lig=26,10,1785289046,0.591,5.499,0.1819,2.0,4.5,8.0,0,2.067,valid=true;max_diff_%=0.014,2.0 2.0 4.0 4.0 6.0 4.0 5.0 8.0 7.0 6.0
ucx_rdma,run_ucx_rdma_n8_r11,7,poses=65536;prot=938;lig=26,10,1785289046,1.181,5.249,0.1905,3.0,4.5,8.0,0,2.067,valid=true;max_diff_%=0.014,4.0 4.0 8.0 6.0 6.0 3.0 5.0 6.0 4.0 4.0
ucx_rdma,run_ucx_rdma_n8_r11,8,poses=65536;prot=938;lig=26,10,1785289047,1.772,3.625,0.2759,1.0,3.5,9.0,4,2.363,valid=true;max_diff_%=0.014,6.0 4.0 6.0 7.0 9.0 1.0 1.0 3.0 1.0 1.0
ucx_rdma,run_ucx_rdma_n8_r12,1,poses=65536;prot=938;lig=26,10,1785289071,0.591,3.125,0.32,1.0,2.5,5.0,1,1.181,valid=true;max_diff_%=0.014,2.0 2.0 5.0 1.0 5.0 3.0 3.0 4.0 2.0 2.0
ucx_rdma,run_ucx_rdma_n8_r12,2,poses=65536;prot=938;lig=26,10,1785289072,0.296,2.5,0.3999,1.0,2.0,4.0,2,0.886,valid=true;max_diff_%=0.014,1.0 2.0 2.0 1.0 3.0 2.0 4.0 2.0 3.0 3.0
ucx_rdma,run_ucx_rdma_n8_r12,3,poses=65536;prot=938;lig=26,10,1785289072,1.181,3.625,0.2759,1.0,3.5,8.0,2,2.067,valid=true;max_diff_%=0.014,4.0 1.0 8.0 2.0 4.0 4.0 4.0 3.0 3.0 1.0
ucx_rdma,run_ucx_rdma_n8_r12,4,poses=65536;prot=938;lig=26,10,1785289070,0.295,1.001,0.9995,1.0,1.0,1.0,10,0.0,valid=true;max_diff_%=0.014,1.0 1.0 1.0 1.0 1.0 1.0 1.0 1.0 1.0 1.0
ucx_rdma,run_ucx_rdma_n8_r12,5,poses=65536;prot=938;lig=26,10,1785289071,0.295,2.625,0.3809,1.0,3.0,5.0,3,1.181,valid=true;max_diff_%=0.014,1.0 5.0 3.0 1.0 4.0 3.0 1.0 2.0 4.0 3.0
ucx_rdma,run_ucx_rdma_n8_r12,6,poses=65536;prot=938;lig=26,10,1785289072,0.886,3.625,0.2759,1.0,4.0,7.0,3,1.772,valid=true;max_diff_%=0.014,3.0 5.0 5.0 6.0 2.0 6.0 1.0 7.0 1.0 1.0
ucx_rdma,run_ucx_rdma_n8_r12,7,poses=65536;prot=938;lig=26,10,1785289072,0.886,3.75,0.2667,1.0,3.5,6.0,1,1.476,valid=true;max_diff_%=0.014,3.0 3.0 4.0 5.0 4.0 6.0 5.0 3.0 1.0 2.0
ucx_rdma,run_ucx_rdma_n8_r12,8,poses=65536;prot=938;lig=26,10,1785289072,0.886,3.125,0.32,1.0,3.0,5.0,1,1.181,valid=true;max_diff_%=0.014,3.0 3.0 4.0 4.0 1.0 2.0 3.0 3.0 5.0 3.0
ucx_rdma,run_ucx_rdma_n8_r13,1,poses=65536;prot=938;lig=26,10,1785289096,0.886,2.125,0.4705,1.0,1.5,5.0,5,1.181,valid=true;max_diff_%=0.014,3.0 3.0 1.0 5.0 1.0 5.0 2.0 1.0 1.0 1.0
ucx_rdma,run_ucx_rdma_n8_r13,2,poses=65536;prot=938;lig=26,10,1785289096,0.591,2.5,0.3999,1.0,2.0,5.0,4,1.181,valid=true;max_diff_%=0.014,2.0 1.0 4.0 3.0 3.0 1.0 5.0 1.0 2.0 1.0
ucx_rdma,run_ucx_rdma_n8_r13,3,poses=65536;prot=938;lig=26,10,1785289097,0.886,3.125,0.32,1.0,3.5,5.0,1,1.181,valid=true;max_diff_%=0.014,3.0 4.0 3.0 4.0 1.0 4.0 2.0 2.0 5.0 4.0
ucx_rdma,run_ucx_rdma_n8_r13,4,poses=65536;prot=938;lig=26,10,1785289095,0.295,1.001,0.9995,1.0,1.0,1.0,10,0.0,valid=true;max_diff_%=0.014,1.0 1.0 1.0 1.0 1.0 1.0 1.0 1.0 1.0 1.0
ucx_rdma,run_ucx_rdma_n8_r13,5,poses=65536;prot=938;lig=26,10,1785289096,0.296,2.375,0.4211,1.0,2.0,5.0,4,1.181,valid=true;max_diff_%=0.014,1.0 1.0 1.0 2.0 2.0 3.0 1.0 5.0 3.0 2.0
ucx_rdma,run_ucx_rdma_n8_r13,6,poses=65536;prot=938;lig=26,10,1785289096,0.886,4.0,0.25,1.0,3.5,8.0,1,2.067,valid=true;max_diff_%=0.014,3.0 2.0 3.0 4.0 1.0 4.0 8.0 3.0 4.0 5.0
ucx_rdma,run_ucx_rdma_n8_r13,7,poses=65536;prot=938;lig=26,10,1785289097,0.296,4.25,0.2353,1.0,4.0,8.0,2,2.067,valid=true;max_diff_%=0.014,1.0 4.0 4.0 8.0 4.0 4.0 6.0 3.0 1.0 4.0
ucx_rdma,run_ucx_rdma_n8_r13,8,poses=65536;prot=938;lig=26,10,1785289097,0.886,3.5,0.2857,1.0,3.5,6.0,1,1.477,valid=true;max_diff_%=0.014,3.0 4.0 6.0 5.0 3.0 4.0 4.0 2.0 3.0 1.0
ucx_rdma,run_ucx_rdma_n8_r14,1,poses=65536;prot=938;lig=26,10,1785289122,1.181,4.25,0.2353,2.0,4.5,7.0,0,1.772,valid=true;max_diff_%=0.014,4.0 5.0 4.0 5.0 4.0 2.0 5.0 2.0 5.0 7.0
ucx_rdma,run_ucx_rdma_n8_r14,2,poses=65536;prot=938;lig=26,10,1785289122,0.591,4.75,0.2105,2.0,4.0,8.0,0,2.067,valid=true;max_diff_%=0.014,2.0 2.0 2.0 6.0 4.0 5.0 8.0 3.0 4.0 6.0
ucx_rdma,run_ucx_rdma_n8_r14,3,poses=65536;prot=938;lig=26,10,1785289121,0.886,4.875,0.2051,2.0,4.5,9.0,0,2.364,valid=true;max_diff_%=0.014,3.0 5.0 5.0 3.0 4.0 4.0 9.0 2.0 6.0 6.0
ucx_rdma,run_ucx_rdma_n8_r14,4,poses=65536;prot=938;lig=26,10,1785289122,1.477,5.125,0.1951,1.0,5.0,7.0,1,1.773,valid=true;max_diff_%=0.014,5.0 1.0 6.0 5.0 7.0 5.0 5.0 5.0 3.0 5.0
ucx_rdma,run_ucx_rdma_n8_r14,5,poses=65536;prot=938;lig=26,10,1785289121,0.295,1.001,0.9994,1.0,1.0,1.0,10,0.0,valid=true;max_diff_%=0.014,1.0 1.0 1.0 1.0 1.0 1.0 1.0 1.0 1.0 1.0
ucx_rdma,run_ucx_rdma_n8_r14,6,poses=65536;prot=938;lig=26,10,1785289122,1.478,3.25,0.3077,1.0,3.5,6.0,1,1.476,valid=true;max_diff_%=0.014,5.0 3.0 5.0 6.0 1.0 4.0 4.0 2.0 2.0 2.0
ucx_rdma,run_ucx_rdma_n8_r14,7,poses=65536;prot=938;lig=26,10,1785289122,0.295,3.375,0.2963,1.0,2.5,6.0,3,1.476,valid=true;max_diff_%=0.014,1.0 1.0 2.0 1.0 3.0 2.0 4.0 4.0 6.0 5.0
ucx_rdma,run_ucx_rdma_n8_r14,8,poses=65536;prot=938;lig=26,10,1785289122,1.477,1.875,0.5332,1.0,2.0,5.0,4,1.181,valid=true;max_diff_%=0.014,5.0 2.0 3.0 1.0 1.0 3.0 3.0 1.0 2.0 1.0
ucx_rdma,run_ucx_rdma_n8_r15,1,poses=65536;prot=938;lig=26,10,1785289146,0.295,1.626,0.615,1.0,1.0,3.0,7,0.591,valid=true;max_diff_%=0.014,1.0 1.0 1.0 1.0 1.0 1.0 1.0 2.0 3.0 3.0
ucx_rdma,run_ucx_rdma_n8_r15,2,poses=65536;prot=938;lig=26,10,1785289146,0.295,1.0,0.9996,1.0,1.0,1.0,10,0.0,valid=true;max_diff_%=0.014,1.0 1.0 1.0 1.0 1.0 1.0 1.0 1.0 1.0 1.0
ucx_rdma,run_ucx_rdma_n8_r15,3,poses=65536;prot=938;lig=26,10,1785289147,0.591,3.375,0.2963,1.0,2.0,6.0,3,1.477,valid=true;max_diff_%=0.014,2.0 1.0 2.0 1.0 3.0 2.0 6.0 1.0 6.0 6.0
ucx_rdma,run_ucx_rdma_n8_r15,4,poses=65536;prot=938;lig=26,10,1785289147,0.886,4.749,0.2106,1.0,4.0,9.0,1,2.362,valid=true;max_diff_%=0.014,3.0 3.0 5.0 7.0 9.0 4.0 2.0 6.0 1.0 4.0
ucx_rdma,run_ucx_rdma_n8_r15,5,poses=65536;prot=938;lig=26,10,1785289146,0.886,1.5,0.6666,1.0,1.5,3.0,5,0.591,valid=true;max_diff_%=0.014,3.0 1.0 1.0 2.0 2.0 1.0 1.0 1.0 2.0 2.0
ucx_rdma,run_ucx_rdma_n8_r15,6,poses=65536;prot=938;lig=26,10,1785289147,0.591,4.124,0.2425,1.0,3.5,10.0,1,2.658,valid=true;max_diff_%=0.014,2.0 6.0 2.0 2.0 10.0 2.0 1.0 6.0 5.0 5.0
ucx_rdma,run_ucx_rdma_n8_r15,7,poses=65536;prot=938;lig=26,10,1785289147,1.477,3.499,0.2858,1.0,4.0,7.0,1,1.772,valid=true;max_diff_%=0.014,5.0 7.0 3.0 2.0 7.0 5.0 1.0 2.0 4.0 4.0
ucx_rdma,run_ucx_rdma_n8_r15,8,poses=65536;prot=938;lig=26,10,1785289147,0.886,4.374,0.2286,1.0,4.0,8.0,1,2.067,valid=true;max_diff_%=0.014,3.0 8.0 4.0 4.0 1.0 5.0 6.0 4.0 7.0 4.0
ucx_rdma,run_ucx_rdma_n8_r2,1,poses=65536;prot=938;lig=26,10,1785288820,0.295,1.126,0.8884,1.0,1.0,2.0,9,0.295,valid=true;max_diff_%=0.014,1.0 1.0 1.0 1.0 1.0 1.0 1.0 1.0 2.0 1.0
ucx_rdma,run_ucx_rdma_n8_r2,2,poses=65536;prot=938;lig=26,10,1785288820,0.295,1.001,0.9993,1.0,1.0,1.0,10,0.001,valid=true;max_diff_%=0.014,1.0 1.0 1.0 1.0 1.0 1.0 1.0 1.0 1.0 1.0
ucx_rdma,run_ucx_rdma_n8_r2,3,poses=65536;prot=938;lig=26,10,1785288821,0.886,2.625,0.381,1.0,3.0,6.0,2,1.477,valid=true;max_diff_%=0.014,3.0 3.0 2.0 3.0 3.0 1.0 6.0 2.0 1.0 3.0
ucx_rdma,run_ucx_rdma_n8_r2,4,poses=65536;prot=938;lig=26,10,1785288821,0.295,2.625,0.3809,1.0,1.5,6.0,5,1.477,valid=true;max_diff_%=0.014,1.0 3.0 1.0 3.0 2.0 6.0 1.0 6.0 1.0 1.0
ucx_rdma,run_ucx_rdma_n8_r2,5,poses=65536;prot=938;lig=26,10,1785288821,1.772,2.875,0.3479,1.0,2.5,6.0,1,1.477,valid=true;max_diff_%=0.014,6.0 2.0 4.0 2.0 4.0 3.0 5.0 1.0 2.0 2.0
ucx_rdma,run_ucx_rdma_n8_r2,6,poses=65536;prot=938;lig=26,10,1785288821,0.886,3.25,0.3077,1.0,3.0,5.0,1,1.181,valid=true;max_diff_%=0.014,3.0 2.0 3.0 1.0 4.0 3.0 2.0 4.0 4.0 5.0
ucx_rdma,run_ucx_rdma_n8_r2,7,poses=65536;prot=938;lig=26,10,1785288821,0.591,3.0,0.3334,1.0,3.0,5.0,3,1.181,valid=true;max_diff_%=0.014,2.0 3.0 4.0 5.0 1.0 3.0 4.0 1.0 5.0 1.0
ucx_rdma,run_ucx_rdma_n8_r2,8,poses=65536;prot=938;lig=26,10,1785288821,0.886,2.75,0.3637,1.0,3.0,5.0,1,1.181,valid=true;max_diff_%=0.014,3.0 3.0 3.0 3.0 2.0 1.0 5.0 2.0 3.0 3.0
ucx_rdma,run_ucx_rdma_n8_r3,1,poses=65536;prot=938;lig=26,10,1785288845,0.295,1.0,0.9998,1.0,1.0,1.0,10,0.0,valid=true;max_diff_%=0.014,1.0 1.0 1.0 1.0 1.0 1.0 1.0 1.0 1.0 1.0
ucx_rdma,run_ucx_rdma_n8_r3,2,poses=65536;prot=938;lig=26,10,1785288846,0.886,4.124,0.2425,2.0,3.5,6.0,0,1.476,valid=true;max_diff_%=0.014,3.0 3.0 3.0 4.0 4.0 2.0 6.0 6.0 5.0 3.0
ucx_rdma,run_ucx_rdma_n8_r3,3,poses=65536;prot=938;lig=26,10,1785288845,0.295,1.001,0.9994,1.0,1.0,1.0,10,0.001,valid=true;max_diff_%=0.014,1.0 1.0 1.0 1.0 1.0 1.0 1.0 1.0 1.0 1.0
ucx_rdma,run_ucx_rdma_n8_r3,4,poses=65536;prot=938;lig=26,10,1785288847,1.772,3.5,0.2858,1.0,5.0,8.0,4,2.067,valid=true;max_diff_%=0.014,6.0 7.0 6.0 8.0 6.0 1.0 4.0 1.0 1.0 1.0
ucx_rdma,run_ucx_rdma_n8_r3,5,poses=65536;prot=938;lig=26,10,1785288846,0.591,4.124,0.2425,2.0,3.5,7.0,0,1.772,valid=true;max_diff_%=0.014,2.0 2.0 3.0 4.0 5.0 5.0 3.0 7.0 4.0 2.0
ucx_rdma,run_ucx_rdma_n8_r3,6,poses=65536;prot=938;lig=26,10,1785288845,0.296,1.126,0.8884,1.0,1.0,2.0,9,0.295,valid=true;max_diff_%=0.014,1.0 1.0 1.0 1.0 1.0 1.0 1.0 1.0 1.0 2.0
ucx_rdma,run_ucx_rdma_n8_r3,7,poses=65536;prot=938;lig=26,10,1785288847,0.886,4.374,0.2286,2.0,4.0,7.0,0,1.772,valid=true;max_diff_%=0.014,3.0 4.0 5.0 3.0 7.0 2.0 6.0 5.0 4.0 3.0
ucx_rdma,run_ucx_rdma_n8_r3,8,poses=65536;prot=938;lig=26,10,1785288846,1.181,4.124,0.2425,1.0,4.5,6.0,1,1.476,valid=true;max_diff_%=0.014,4.0 5.0 5.0 4.0 6.0 3.0 6.0 1.0 6.0 2.0
ucx_rdma,run_ucx_rdma_n8_r4,1,poses=65536;prot=938;lig=26,10,1785288870,0.295,1.001,0.9993,1.0,1.0,1.0,10,0.001,valid=true;max_diff_%=0.014,1.0 1.0 1.0 1.0 1.0 1.0 1.0 1.0 1.0 1.0
ucx_rdma,run_ucx_rdma_n8_r4,2,poses=65536;prot=938;lig=26,10,1785288870,1.181,5.124,0.1951,3.0,5.0,7.0,0,1.772,valid=true;max_diff_%=0.014,4.0 3.0 4.0 3.0 5.0 6.0 6.0 7.0 5.0 5.0
ucx_rdma,run_ucx_rdma_n8_r4,3,poses=65536;prot=938;lig=26,10,1785288871,0.591,2.375,0.4211,1.0,2.0,5.0,2,1.181,valid=true;max_diff_%=0.014,2.0 2.0 2.0 1.0 1.0 3.0 2.0 5.0 2.0 3.0
ucx_rdma,run_ucx_rdma_n8_r4,4,poses=65536;prot=938;lig=26,10,1785288871,2.067,2.0,0.5,1.0,2.0,7.0,3,1.772,valid=true;max_diff_%=0.014,7.0 4.0 1.0 2.0 4.0 3.0 1.0 2.0 2.0 1.0
ucx_rdma,run_ucx_rdma_n8_r4,5,poses=65536;prot=938;lig=26,10,1785288870,0.295,1.875,0.5332,1.0,1.5,3.0,5,0.591,valid=true;max_diff_%=0.014,1.0 1.0 1.0 1.0 2.0 1.0 3.0 3.0 2.0 2.0
ucx_rdma,run_ucx_rdma_n8_r4,6,poses=65536;prot=938;lig=26,10,1785288871,0.591,3.125,0.32,1.0,2.5,5.0,2,1.181,valid=true;max_diff_%=0.014,2.0 1.0 4.0 2.0 3.0 1.0 4.0 2.0 4.0 5.0
ucx_rdma,run_ucx_rdma_n8_r4,7,poses=65536;prot=938;lig=26,10,1785288871,0.295,3.375,0.2963,1.0,3.5,5.0,2,1.181,valid=true;max_diff_%=0.014,1.0 2.0 3.0 4.0 1.0 5.0 2.0 4.0 4.0 4.0
ucx_rdma,run_ucx_rdma_n8_r4,8,poses=65536;prot=938;lig=26,10,1785288871,1.181,3.5,0.2857,1.0,3.0,6.0,1,1.477,valid=true;max_diff_%=0.014,4.0 2.0 2.0 5.0 3.0 6.0 5.0 3.0 1.0 3.0
ucx_rdma,run_ucx_rdma_n8_r5,1,poses=65536;prot=938;lig=26,10,1785288895,0.591,2.0,0.5,1.0,2.0,3.0,2,0.591,valid=true;max_diff_%=0.014,2.0 2.0 2.0 1.0 2.0 2.0 3.0 1.0 3.0 2.0
ucx_rdma,run_ucx_rdma_n8_r5,2,poses=65536;prot=938;lig=26,10,1785288897,1.476,3.5,0.2858,1.0,3.5,10.0,4,2.657,valid=true;max_diff_%=0.014,5.0 6.0 10.0 6.0 6.0 2.0 1.0 1.0 1.0 1.0
ucx_rdma,run_ucx_rdma_n8_r5,3,poses=65536;prot=938;lig=26,10,1785288897,0.591,4.749,0.2106,2.0,3.5,10.0,0,2.658,valid=true;max_diff_%=0.014,2.0 3.0 10.0 4.0 5.0 2.0 2.0 2.0 5.0 8.0
ucx_rdma,run_ucx_rdma_n8_r5,4,poses=65536;prot=938;lig=26,10,1785288897,1.181,4.624,0.2163,1.0,4.5,7.0,1,1.772,valid=true;max_diff_%=0.014,4.0 1.0 2.0 7.0 2.0 6.0 5.0 5.0 4.0 6.0
ucx_rdma,run_ucx_rdma_n8_r5,5,poses=65536;prot=938;lig=26,10,1785288895,0.295,1.0,0.9997,1.0,1.0,1.0,10,0.0,valid=true;max_diff_%=0.014,1.0 1.0 1.0 1.0 1.0 1.0 1.0 1.0 1.0 1.0
ucx_rdma,run_ucx_rdma_n8_r5,6,poses=65536;prot=938;lig=26,10,1785288897,0.295,5.249,0.1905,1.0,4.5,9.0,3,2.362,valid=true;max_diff_%=0.014,1.0 1.0 4.0 4.0 6.0 1.0 8.0 9.0 5.0 5.0
ucx_rdma,run_ucx_rdma_n8_r5,7,poses=65536;prot=938;lig=26,10,1785288896,0.591,2.001,0.4998,1.0,2.0,3.0,2,0.592,valid=true;max_diff_%=0.014,2.0 1.0 3.0 2.0 2.0 2.0 2.0 2.0 1.0 2.0
ucx_rdma,run_ucx_rdma_n8_r5,8,poses=65536;prot=938;lig=26,10,1785288898,2.067,4.249,0.2353,1.0,5.0,7.0,1,1.772,valid=true;max_diff_%=0.014,7.0 1.0 5.0 4.0 2.0 5.0 5.0 5.0 3.0 5.0
ucx_rdma,run_ucx_rdma_n8_r6,1,poses=65536;prot=938;lig=26,10,1785288920,0.295,2.625,0.381,1.0,1.0,6.0,6,1.476,valid=true;max_diff_%=0.014,1.0 1.0 1.0 1.0 1.0 3.0 1.0 4.0 4.0 6.0
ucx_rdma,run_ucx_rdma_n8_r6,2,poses=65536;prot=938;lig=26,10,1785288920,1.772,4.999,0.2,1.0,6.0,7.0,1,1.772,valid=true;max_diff_%=0.014,6.0 6.0 7.0 6.0 4.0 7.0 5.0 6.0 4.0 1.0
ucx_rdma,run_ucx_rdma_n8_r6,3,poses=65536;prot=938;lig=26,10,1785288920,0.297,1.001,0.9994,1.0,1.0,1.0,10,0.001,valid=true;max_diff_%=0.014,1.0 1.0 1.0 1.0 1.0 1.0 1.0 1.0 1.0 1.0
ucx_rdma,run_ucx_rdma_n8_r6,4,poses=65536;prot=938;lig=26,10,1785288921,0.886,5.749,0.1739,1.0,6.5,8.0,1,2.067,valid=true;max_diff_%=0.014,3.0 7.0 6.0 3.0 8.0 6.0 1.0 7.0 8.0 7.0
ucx_rdma,run_ucx_rdma_n8_r6,5,poses=65536;prot=938;lig=26,10,1785288921,0.886,4.874,0.2052,2.0,4.5,7.0,0,1.772,valid=true;max_diff_%=0.014,3.0 2.0 5.0 4.0 5.0 4.0 7.0 5.0 6.0 3.0
ucx_rdma,run_ucx_rdma_n8_r6,6,poses=65536;prot=938;lig=26,10,1785288921,0.886,4.124,0.2425,1.0,3.0,8.0,1,2.067,valid=true;max_diff_%=0.014,3.0 2.0 2.0 3.0 2.0 8.0 3.0 6.0 8.0 1.0
ucx_rdma,run_ucx_rdma_n8_r6,7,poses=65536;prot=938;lig=26,10,1785288921,2.067,4.249,0.2353,1.0,5.0,9.0,2,2.362,valid=true;max_diff_%=0.014,7.0 7.0 2.0 9.0 2.0 9.0 5.0 1.0 1.0 5.0
ucx_rdma,run_ucx_rdma_n8_r6,8,poses=65536;prot=938;lig=26,10,1785288922,1.772,3.375,0.2963,1.0,3.0,7.0,1,1.772,valid=true;max_diff_%=0.014,6.0 3.0 7.0 4.0 5.0 2.0 3.0 2.0 3.0 1.0
ucx_rdma,run_ucx_rdma_n8_r7,1,poses=65536;prot=938;lig=26,10,1785288945,0.295,1.001,0.9994,1.0,1.0,1.0,10,0.001,valid=true;max_diff_%=0.014,1.0 1.0 1.0 1.0 1.0 1.0 1.0 1.0 1.0 1.0
ucx_rdma,run_ucx_rdma_n8_r7,2,poses=65536;prot=938;lig=26,10,1785288947,0.886,3.875,0.2581,1.0,3.0,8.0,1,2.067,valid=true;max_diff_%=0.014,3.0 3.0 3.0 5.0 5.0 8.0 2.0 4.0 1.0 3.0
ucx_rdma,run_ucx_rdma_n8_r7,3,poses=65536;prot=938;lig=26,10,1785288947,0.591,3.75,0.2667,1.0,3.5,6.0,1,1.476,valid=true;max_diff_%=0.014,2.0 4.0 1.0 5.0 5.0 5.0 2.0 6.0 3.0 3.0
ucx_rdma,run_ucx_rdma_n8_r7,4,poses=65536;prot=938;lig=26,10,1785288946,0.295,2.125,0.4706,1.0,1.0,4.0,6,0.886,valid=true;max_diff_%=0.014,1.0 1.0 1.0 2.0 1.0 4.0 1.0 4.0 3.0 1.0
ucx_rdma,run_ucx_rdma_n8_r7,5,poses=65536;prot=938;lig=26,10,1785288946,0.886,2.125,0.4706,1.0,2.5,4.0,3,0.886,valid=true;max_diff_%=0.014,3.0 3.0 1.0 4.0 3.0 2.0 2.0 3.0 1.0 1.0
ucx_rdma,run_ucx_rdma_n8_r7,6,poses=65536;prot=938;lig=26,10,1785288945,0.591,2.625,0.381,1.0,2.5,4.0,1,0.886,valid=true;max_diff_%=0.014,2.0 2.0 3.0 3.0 3.0 4.0 3.0 1.0 2.0 2.0
ucx_rdma,run_ucx_rdma_n8_r7,7,poses=65536;prot=938;lig=26,10,1785288947,0.591,3.125,0.32,1.0,2.5,5.0,1,1.181,valid=true;max_diff_%=0.014,2.0 1.0 3.0 2.0 4.0 3.0 5.0 4.0 2.0 2.0
ucx_rdma,run_ucx_rdma_n8_r7,8,poses=65536;prot=938;lig=26,10,1785288946,1.181,3.25,0.3077,1.0,4.0,5.0,2,1.181,valid=true;max_diff_%=0.014,4.0 1.0 4.0 4.0 4.0 4.0 1.0 5.0 2.0 2.0
ucx_rdma,run_ucx_rdma_n8_r8,1,poses=65536;prot=938;lig=26,10,1785288972,0.295,1.875,0.5333,1.0,2.0,2.0,2,0.296,valid=true;max_diff_%=0.014,1.0 2.0 2.0 2.0 1.0 2.0 2.0 2.0 2.0 2.0
ucx_rdma,run_ucx_rdma_n8_r8,2,poses=65536;prot=938;lig=26,10,1785288971,0.295,3.375,0.2963,1.0,3.0,5.0,2,1.181,valid=true;max_diff_%=0.014,1.0 1.0 2.0 4.0 2.0 4.0 4.0 3.0 5.0 3.0
ucx_rdma,run_ucx_rdma_n8_r8,3,poses=65536;prot=938;lig=26,10,1785288970,0.295,1.001,0.9994,1.0,1.0,1.0,10,0.001,valid=true;max_diff_%=0.014,1.0 1.0 1.0 1.0 1.0 1.0 1.0 1.0 1.0 1.0
ucx_rdma,run_ucx_rdma_n8_r8,4,poses=65536;prot=938;lig=26,10,1785288970,0.886,3.75,0.2666,1.0,3.5,6.0,2,1.477,valid=true;max_diff_%=0.014,3.0 1.0 5.0 4.0 2.0 6.0 5.0 4.0 1.0 3.0
ucx_rdma,run_ucx_rdma_n8_r8,5,poses=65536;prot=938;lig=26,10,1785288971,0.591,3.5,0.2857,1.0,2.5,6.0,4,1.478,valid=true;max_diff_%=0.014,2.0 1.0 3.0 6.0 1.0 6.0 5.0 5.0 1.0 1.0
ucx_rdma,run_ucx_rdma_n8_r8,6,poses=65536;prot=938;lig=26,10,1785288971,0.886,1.125,0.8888,1.0,1.0,3.0,7,0.591,valid=true;max_diff_%=0.014,3.0 2.0 2.0 1.0 1.0 1.0 1.0 1.0 1.0 1.0
ucx_rdma,run_ucx_rdma_n8_r8,7,poses=65536;prot=938;lig=26,10,1785288972,0.591,2.125,0.4705,1.0,2.0,4.0,4,0.886,valid=true;max_diff_%=0.014,2.0 3.0 1.0 4.0 1.0 3.0 1.0 4.0 1.0 2.0
ucx_rdma,run_ucx_rdma_n8_r8,8,poses=65536;prot=938;lig=26,10,1785288971,1.183,3.0,0.3334,1.0,3.0,6.0,2,1.476,valid=true;max_diff_%=0.014,4.0 2.0 6.0 1.0 4.0 4.0 4.0 2.0 2.0 1.0
ucx_rdma,run_ucx_rdma_n8_r9,1,poses=65536;prot=938;lig=26,10,1785288995,0.295,1.0,0.9996,1.0,1.0,1.0,10,0.0,valid=true;max_diff_%=0.014,1.0 1.0 1.0 1.0 1.0 1.0 1.0 1.0 1.0 1.0
ucx_rdma,run_ucx_rdma_n8_r9,2,poses=65536;prot=938;lig=26,10,1785288996,1.182,3.25,0.3077,2.0,3.0,7.0,0,1.772,valid=true;max_diff_%=0.014,4.0 3.0 2.0 3.0 4.0 3.0 2.0 3.0 2.0 7.0
ucx_rdma,run_ucx_rdma_n8_r9,3,poses=65536;prot=938;lig=26,10,1785288996,1.772,4.249,0.2353,1.0,5.0,9.0,2,2.362,valid=true;max_diff_%=0.014,6.0 5.0 1.0 7.0 2.0 9.0 5.0 1.0 5.0 4.0
ucx_rdma,run_ucx_rdma_n8_r9,4,poses=65536;prot=938;lig=26,10,1785288996,0.886,3.625,0.2759,2.0,3.0,6.0,0,1.476,valid=true;max_diff_%=0.014,3.0 3.0 3.0 3.0 3.0 4.0 2.0 5.0 6.0 3.0
ucx_rdma,run_ucx_rdma_n8_r9,5,poses=65536;prot=938;lig=26,10,1785288997,1.772,3.625,0.2759,1.0,4.0,6.0,2,1.476,valid=true;max_diff_%=0.014,6.0 5.0 6.0 4.0 4.0 4.0 4.0 5.0 1.0 1.0
ucx_rdma,run_ucx_rdma_n8_r9,6,poses=65536;prot=938;lig=26,10,1785288997,2.362,3.0,0.3334,1.0,3.5,8.0,3,2.067,valid=true;max_diff_%=0.014,8.0 5.0 1.0 1.0 2.0 5.0 7.0 4.0 3.0 1.0
ucx_rdma,run_ucx_rdma_n8_r9,7,poses=65536;prot=938;lig=26,10,1785288996,0.295,2.5,0.4,1.0,2.0,4.0,5,0.886,valid=true;max_diff_%=0.014,1.0 1.0 1.0 1.0 3.0 1.0 3.0 4.0 4.0 3.0
ucx_rdma,run_ucx_rdma_n8_r9,8,poses=65536;prot=938;lig=26,10,1785288997,1.772,3.375,0.2963,1.0,4.0,6.0,1,1.476,valid=true;max_diff_%=0.014,6.0 4.0 6.0 5.0 2.0 2.0 4.0 4.0 3.0 1.0
tcp,run_tcp_n8_r1,1,poses=65536;prot=938;lig=26,10,1785148714,0.296,1.872,0.5341,1.0,2.0,2.99,4,0.59,valid=true;max_diff_%=0.014,1.0 1.0 1.0 1.0 3.0 2.0 2.0 2.0 2.0 2.0
tcp,run_tcp_n8_r1,2,poses=65536;prot=938;lig=26,10,1785148714,0.295,1.623,0.6162,1.0,1.5,3.0,5,0.59,valid=true;max_diff_%=0.014,1.0 2.0 1.0 3.0 2.0 2.0 1.0 2.0 1.0 1.0
tcp,run_tcp_n8_r1,3,poses=65536;prot=938;lig=26,10,1785148714,1.772,3.743,0.2672,2.0,3.49,8.98,0,2.362,valid=true;max_diff_%=0.014,6.0 5.0 4.0 9.0 5.0 3.0 3.0 2.0 2.0 2.0
tcp,run_tcp_n8_r1,4,poses=65536;prot=938;lig=26,10,1785148714,0.296,4.865,0.2055,1.0,3.99,8.98,1,2.362,valid=true;max_diff_%=0.014,1.0 2.0 4.0 4.0 4.0 3.0 6.0 5.0 4.0 9.0
tcp,run_tcp_n8_r1,5,poses=65536;prot=938;lig=26,10,1785148714,1.772,3.368,0.2969,2.0,2.99,8.98,0,2.362,valid=true;max_diff_%=0.014,6.0 9.0 9.0 4.0 2.0 3.0 3.0 2.0 2.0 2.0
tcp,run_tcp_n8_r1,6,poses=65536;prot=938;lig=26,10,1785148714,0.886,4.241,0.2358,2.99,3.99,5.99,0,1.476,valid=true;max_diff_%=0.014,3.0 4.0 4.0 3.0 5.0 5.0 5.0 3.0 6.0 3.0
tcp,run_tcp_n8_r1,7,poses=65536;prot=938;lig=26,10,1785148714,0.591,5.239,0.1909,2.0,4.49,6.99,0,1.771,valid=true;max_diff_%=0.014,2.0 2.0 7.0 4.0 3.0 5.0 6.0 7.0 6.0 4.0
tcp,run_tcp_n8_r1,8,poses=65536;prot=938;lig=26,10,1785148714,0.886,5.239,0.1909,2.99,4.49,8.98,0,2.362,valid=true;max_diff_%=0.014,3.0 4.0 4.0 5.0 9.0 7.0 6.0 5.0 3.0 3.0
tcp,run_tcp_n8_r2,1,poses=65536;prot=938;lig=26,10,1785148738,0.296,0.999,1.0008,1.0,1.0,1.0,10,0.0,valid=true;max_diff_%=0.014,1.0 1.0 1.0 1.0 1.0 1.0 1.0 1.0 1.0 1.0
tcp,run_tcp_n8_r2,2,poses=65536;prot=938;lig=26,10,1785148738,1.181,4.616,0.2167,2.0,3.99,7.98,0,2.066,valid=true;max_diff_%=0.014,4.0 4.0 4.0 5.0 5.0 6.0 8.0 2.0 3.0 4.0
tcp,run_tcp_n8_r2,3,poses=65536;prot=938;lig=26,10,1785148738,1.476,4.491,0.2227,2.99,3.99,7.98,0,2.067,valid=true;max_diff_%=0.014,5.0 5.0 6.0 8.0 4.0 4.0 4.0 3.0 3.0 4.0
tcp,run_tcp_n8_r2,4,poses=65536;prot=938;lig=26,10,1785148738,0.295,3.369,0.2969,1.0,2.99,5.99,3,1.476,valid=true;max_diff_%=0.014,1.0 1.0 1.0 3.0 3.0 4.0 2.0 4.0 4.0 6.0
tcp,run_tcp_n8_r2,5,poses=65536;prot=938;lig=26,10,1785148738,1.773,3.119,0.3206,2.0,3.5,7.98,0,2.065,valid=true;max_diff_%=0.014,6.0 8.0 2.0 4.0 4.0 4.0 3.0 3.0 3.0 2.0
tcp,run_tcp_n8_r2,6,poses=65536;prot=938;lig=26,10,1785148738,0.886,4.616,0.2167,2.0,3.99,6.99,0,1.771,valid=true;max_diff_%=0.014,3.0 2.0 5.0 4.0 4.0 5.0 3.0 7.0 3.0 6.0
tcp,run_tcp_n8_r2,7,poses=65536;prot=938;lig=26,10,1785148738,0.886,4.491,0.2227,2.0,3.99,7.98,0,2.066,valid=true;max_diff_%=0.014,3.0 3.0 4.0 2.0 4.0 4.0 6.0 8.0 2.0 6.0
tcp,run_tcp_n8_r2,8,poses=65536;prot=938;lig=26,10,1785148738,1.772,2.994,0.334,2.0,2.99,7.98,0,2.066,valid=true;max_diff_%=0.014,6.0 8.0 4.0 4.0 3.0 3.0 3.0 3.0 2.0 2.0
tcp,run_tcp_n8_r3,1,poses=65536;prot=938;lig=26,10,1785148762,0.296,0.999,1.0009,1.0,1.0,1.0,10,0.0,valid=true;max_diff_%=0.014,1.0 1.0 1.0 1.0 1.0 1.0 1.0 1.0 1.0 1.0
tcp,run_tcp_n8_r3,2,poses=65536;prot=938;lig=26,10,1785148762,0.591,4.49,0.2227,1.0,3.99,6.98,1,1.771,valid=true;max_diff_%=0.014,2.0 1.0 3.0 3.0 4.0 4.0 4.0 4.0 7.0 7.0
tcp,run_tcp_n8_r3,3,poses=65536;prot=938;lig=26,10,1785148762,2.067,4.117,0.2429,1.0,5.49,6.98,1,1.771,valid=true;max_diff_%=0.014,7.0 7.0 6.0 6.0 5.0 6.0 4.0 3.0 2.0 1.0
tcp,run_tcp_n8_r3,4,poses=65536;prot=938;lig=26,10,1785148762,0.886,5.862,0.1706,2.99,5.49,7.98,0,2.066,valid=true;max_diff_%=0.014,3.0 4.0 4.0 6.0 5.0 6.0 7.0 8.0 5.0 6.0
tcp,run_tcp_n8_r3,5,poses=65536;prot=938;lig=26,10,1785148762,1.476,5.239,0.1909,2.0,4.99,6.99,0,1.771,valid=true;max_diff_%=0.014,5.0 5.0 7.0 7.0 7.0 6.0 5.0 5.0 2.0 3.0
tcp,run_tcp_n8_r3,6,poses=65536;prot=938;lig=26,10,1785148762,1.181,4.491,0.2227,1.0,4.49,8.98,1,2.362,valid=true;max_diff_%=0.014,4.0 7.0 7.0 9.0 5.0 6.0 1.0 2.0 4.0 2.0
tcp,run_tcp_n8_r3,7,poses=65536;prot=938;lig=26,10,1785148762,0.591,5.613,0.1782,2.0,4.49,9.98,0,2.657,valid=true;max_diff_%=0.014,2.0 2.0 5.0 3.0 5.0 4.0 4.0 7.0 7.0 10.0
tcp,run_tcp_n8_r3,8,poses=65536;prot=938;lig=26,10,1785148762,1.182,5.862,0.1706,3.99,5.99,6.99,0,1.771,valid=true;max_diff_%=0.014,4.0 7.0 5.0 5.0 7.0 7.0 6.0 6.0 5.0 6.0
tcp,run_tcp_n8_r4,1,poses=65536;prot=938;lig=26,10,1785148786,0.295,3.494,0.2862,1.0,2.99,4.99,4,1.181,valid=true;max_diff_%=0.014,1.0 1.0 1.0 1.0 2.0 4.0 5.0 5.0 5.0 5.0
tcp,run_tcp_n8_r4,2,poses=65536;prot=938;lig=26,10,1785148786,0.295,0.999,1.0007,1.0,1.0,1.0,10,0.0,valid=true;max_diff_%=0.014,1.0 1.0 1.0 1.0 1.0 1.0 1.0 1.0 1.0 1.0
tcp,run_tcp_n8_r4,3,poses=65536;prot=938;lig=26,10,1785148786,1.477,3.867,0.2586,2.99,3.99,4.99,0,1.181,valid=true;max_diff_%=0.014,5.0 5.0 4.0 5.0 3.0 5.0 3.0 4.0 4.0 3.0
tcp,run_tcp_n8_r4,4,poses=65536;prot=938;lig=26,10,1785148786,1.772,2.87,0.3484,1.0,2.99,6.99,1,1.771,valid=true;max_diff_%=0.014,6.0 7.0 5.0 4.0 5.0 2.0 2.0 2.0 2.0 1.0
tcp,run_tcp_n8_r4,5,poses=65536;prot=938;lig=26,10,1785148786,0.296,4.117,0.2429,1.0,3.49,8.98,2,2.362,valid=true;max_diff_%=0.014,1.0 2.0 3.0 2.0 4.0 4.0 1.0 9.0 4.0 6.0
tcp,run_tcp_n8_r4,6,poses=65536;prot=938;lig=26,10,1785148786,0.886,4.366,0.229,2.0,3.99,6.99,0,1.771,valid=true;max_diff_%=0.014,3.0 2.0 4.0 4.0 5.0 3.0 3.0 7.0 4.0 5.0
tcp,run_tcp_n8_r4,7,poses=65536;prot=938;lig=26,10,1785148786,1.772,2.62,0.3817,1.0,2.99,6.99,1,1.771,valid=true;max_diff_%=0.014,6.0 7.0 3.0 4.0 4.0 3.0 1.0 2.0 2.0 2.0
tcp,run_tcp_n8_r4,8,poses=65536;prot=938;lig=26,10,1785148786,1.181,4.366,0.229,2.99,3.99,5.99,0,1.476,valid=true;max_diff_%=0.014,4.0 4.0 5.0 5.0 4.0 6.0 3.0 5.0 3.0 4.0
tcp,run_tcp_n8_r5,1,poses=65536;prot=938;lig=26,10,1785148810,0.296,0.999,1.0008,1.0,1.0,1.0,10,0.0,valid=true;max_diff_%=0.014,1.0 1.0 1.0 1.0 1.0 1.0 1.0 1.0 1.0 1.0
tcp,run_tcp_n8_r5,2,poses=65536;prot=938;lig=26,10,1785148810,1.477,4.865,0.2056,2.99,4.99,6.99,0,1.771,valid=true;max_diff_%=0.014,5.0 5.0 6.0 5.0 7.0 3.0 5.0 5.0 4.0 4.0
tcp,run_tcp_n8_r5,3,poses=65536;prot=938;lig=26,10,1785148810,0.296,3.493,0.2863,1.0,2.99,5.99,3,1.476,valid=true;max_diff_%=0.014,1.0 1.0 1.0 2.0 3.0 3.0 3.0 4.0 6.0 6.0
tcp,run_tcp_n8_r5,4,poses=65536;prot=938;lig=26,10,1785148810,1.182,4.74,0.211,2.0,3.99,7.98,0,2.066,valid=true;max_diff_%=0.014,4.0 3.0 3.0 2.0 8.0 5.0 4.0 8.0 3.0 5.0
tcp,run_tcp_n8_r5,5,poses=65536;prot=938;lig=26,10,1785148810,1.476,3.368,0.2969,2.0,3.49,6.99,0,1.771,valid=true;max_diff_%=0.014,5.0 7.0 7.0 3.0 4.0 4.0 2.0 3.0 2.0 2.0
tcp,run_tcp_n8_r5,6,poses=65536;prot=938;lig=26,10,1785148810,1.181,4.366,0.229,2.0,3.99,8.98,0,2.362,valid=true;max_diff_%=0.014,4.0 6.0 4.0 4.0 9.0 3.0 5.0 2.0 4.0 4.0
tcp,run_tcp_n8_r5,7,poses=65536;prot=938;lig=26,10,1785148810,0.591,4.241,0.2358,1.0,3.99,5.99,1,1.476,valid=true;max_diff_%=0.014,2.0 3.0 2.0 4.0 4.0 6.0 1.0 6.0 5.0 6.0
tcp,run_tcp_n8_r5,8,poses=65536;prot=938;lig=26,10,1785148810,1.773,3.493,0.2863,2.0,3.99,11.98,0,3.248,valid=true;max_diff_%=0.014,6.0 12.0 7.0 4.0 4.0 4.0 3.0 2.0 2.0 2.0
