system,N,seed,cohort,tenant_id,runtime_s,wall_s,lookups_per_s,normalized_progress,slowdown
baremetal,2,00,xsbench_campaign/results/xsbench/baremetal/N2/sync/seed00,0,23.634,24.815787,25386783.0,0.5003,1.9986
baremetal,2,00,xsbench_campaign/results/xsbench/baremetal/N2/sync/seed00,1,23.642,24.845219,25378828.0,0.5002,1.9993
baremetal,2,01,xsbench_campaign/results/xsbench/baremetal/N2/sync/seed01,0,23.753,24.729481,25259856.0,0.4978,2.0087
baremetal,2,01,xsbench_campaign/results/xsbench/baremetal/N2/sync/seed01,1,23.745,24.699612,25268475.0,0.498,2.008
baremetal,2,02,xsbench_campaign/results/xsbench/baremetal/N2/sync/seed02,0,24.061,25.01792,24936653.0,0.4915,2.0348
baremetal,2,02,xsbench_campaign/results/xsbench/baremetal/N2/sync/seed02,1,24.055,24.988452,24942960.0,0.4916,2.0342
baremetal,2,03,xsbench_campaign/results/xsbench/baremetal/N2/sync/seed03,0,24.459,25.390373,24530695.0,0.4835,2.0684
baremetal,2,03,xsbench_campaign/results/xsbench/baremetal/N2/sync/seed03,1,24.465,25.42031,24524759.0,0.4833,2.0689
baremetal,2,04,xsbench_campaign/results/xsbench/baremetal/N2/sync/seed04,0,24.5,25.460781,24489722.0,0.4827,2.0719
baremetal,2,04,xsbench_campaign/results/xsbench/baremetal/N2/sync/seed04,1,24.494,25.430842,24495976.0,0.4828,2.0714
baremetal,4,00,xsbench_campaign/results/xsbench/baremetal/N4/sync/seed00,0,49.042,50.232865,12234317.0,0.2411,4.1473
baremetal,4,00,xsbench_campaign/results/xsbench/baremetal/N4/sync/seed00,1,49.042,50.15938,12234382.0,0.2411,4.1473
baremetal,4,00,xsbench_campaign/results/xsbench/baremetal/N4/sync/seed00,2,49.049,50.207132,12232558.0,0.2411,4.1479
baremetal,4,00,xsbench_campaign/results/xsbench/baremetal/N4/sync/seed00,3,49.042,50.182788,12234384.0,0.2411,4.1473
baremetal,4,01,xsbench_campaign/results/xsbench/baremetal/N4/sync/seed01,0,49.09,50.168129,12222418.0,0.2409,4.1514
baremetal,4,01,xsbench_campaign/results/xsbench/baremetal/N4/sync/seed01,1,49.098,50.239621,12220495.0,0.2408,4.1521
baremetal,4,01,xsbench_campaign/results/xsbench/baremetal/N4/sync/seed01,2,49.091,50.214256,12222272.0,0.2409,4.1515
baremetal,4,01,xsbench_campaign/results/xsbench/baremetal/N4/sync/seed01,3,49.09,50.190806,12222358.0,0.2409,4.1514
baremetal,4,02,xsbench_campaign/results/xsbench/baremetal/N4/sync/seed02,0,49.122,50.196695,12214583.0,0.2407,4.1541
baremetal,4,02,xsbench_campaign/results/xsbench/baremetal/N4/sync/seed02,1,49.128,50.270817,12212935.0,0.2407,4.1546
baremetal,4,02,xsbench_campaign/results/xsbench/baremetal/N4/sync/seed02,2,49.121,50.245018,12214700.0,0.2407,4.154
baremetal,4,02,xsbench_campaign/results/xsbench/baremetal/N4/sync/seed02,3,49.128,50.220704,12213072.0,0.2407,4.1546
baremetal,4,03,xsbench_campaign/results/xsbench/baremetal/N4/sync/seed03,0,49.08,50.196415,12224890.0,0.2409,4.1505
baremetal,4,03,xsbench_campaign/results/xsbench/baremetal/N4/sync/seed03,1,49.087,50.220405,12223141.0,0.2409,4.1511
baremetal,4,03,xsbench_campaign/results/xsbench/baremetal/N4/sync/seed03,2,49.089,50.172645,12222794.0,0.2409,4.1513
baremetal,4,03,xsbench_campaign/results/xsbench/baremetal/N4/sync/seed03,3,49.087,50.145344,12223201.0,0.2409,4.1511
baremetal,4,04,xsbench_campaign/results/xsbench/baremetal/N4/sync/seed04,0,48.572,49.648906,12352717.0,0.2435,4.1076
baremetal,4,04,xsbench_campaign/results/xsbench/baremetal/N4/sync/seed04,1,48.57,49.673407,12353306.0,0.2435,4.1074
baremetal,4,04,xsbench_campaign/results/xsbench/baremetal/N4/sync/seed04,2,48.569,49.698146,12353532.0,0.2435,4.1073
baremetal,4,04,xsbench_campaign/results/xsbench/baremetal/N4/sync/seed04,3,48.577,49.723615,12351597.0,0.2434,4.108
baremetal,8,00,xsbench_campaign/results/xsbench/baremetal/N8/sync/seed00,0,96.705,98.217207,6204406.0,0.1223,8.178
baremetal,8,00,xsbench_campaign/results/xsbench/baremetal/N8/sync/seed00,1,96.698,98.195235,6204863.0,0.1223,8.1774
baremetal,8,00,xsbench_campaign/results/xsbench/baremetal/N8/sync/seed00,2,96.699,98.119587,6204849.0,0.1223,8.1775
baremetal,8,00,xsbench_campaign/results/xsbench/baremetal/N8/sync/seed00,3,96.699,98.14284,6204846.0,0.1223,8.1775
baremetal,8,00,xsbench_campaign/results/xsbench/baremetal/N8/sync/seed00,4,96.699,98.067314,6204850.0,0.1223,8.1775
baremetal,8,00,xsbench_campaign/results/xsbench/baremetal/N8/sync/seed00,5,96.699,98.169165,6204828.0,0.1223,8.1775
baremetal,8,00,xsbench_campaign/results/xsbench/baremetal/N8/sync/seed00,6,96.704,98.036269,6204487.0,0.1223,8.1779
baremetal,8,00,xsbench_campaign/results/xsbench/baremetal/N8/sync/seed00,7,96.764,98.094607,6200634.0,0.1222,8.183
baremetal,8,01,xsbench_campaign/results/xsbench/baremetal/N8/sync/seed01,0,97.034,98.491304,6183391.0,0.1219,8.2058
baremetal,8,01,xsbench_campaign/results/xsbench/baremetal/N8/sync/seed01,1,97.072,98.415003,6180992.0,0.1218,8.209
baremetal,8,01,xsbench_campaign/results/xsbench/baremetal/N8/sync/seed01,2,97.034,98.561242,6183424.0,0.1219,8.2058
baremetal,8,01,xsbench_campaign/results/xsbench/baremetal/N8/sync/seed01,3,97.053,98.512935,6182192.0,0.1218,8.2074
baremetal,8,01,xsbench_campaign/results/xsbench/baremetal/N8/sync/seed01,4,97.036,98.537994,6183243.0,0.1219,8.206
baremetal,8,01,xsbench_campaign/results/xsbench/baremetal/N8/sync/seed01,5,97.037,98.442844,6183186.0,0.1219,8.2061
baremetal,8,01,xsbench_campaign/results/xsbench/baremetal/N8/sync/seed01,6,97.035,98.466117,6183342.0,0.1219,8.2059
baremetal,8,01,xsbench_campaign/results/xsbench/baremetal/N8/sync/seed01,7,97.079,98.386361,6180556.0,0.1218,8.2096
baremetal,8,06,xsbench_campaign/results/xsbench/baremetal/N8/sync/seed06,0,96.02,97.556763,6248701.0,0.1232,8.1201
baremetal,8,06,xsbench_campaign/results/xsbench/baremetal/N8/sync/seed06,1,96.017,97.53217,6248868.0,0.1232,8.1198
baremetal,8,06,xsbench_campaign/results/xsbench/baremetal/N8/sync/seed06,2,96.016,97.578441,6248990.0,0.1232,8.1197
baremetal,8,06,xsbench_campaign/results/xsbench/baremetal/N8/sync/seed06,3,96.013,97.433217,6249163.0,0.1232,8.1195
baremetal,8,06,xsbench_campaign/results/xsbench/baremetal/N8/sync/seed06,4,96.013,97.508629,6249148.0,0.1232,8.1195
baremetal,8,06,xsbench_campaign/results/xsbench/baremetal/N8/sync/seed06,5,96.013,97.483392,6249160.0,0.1232,8.1195
baremetal,8,06,xsbench_campaign/results/xsbench/baremetal/N8/sync/seed06,6,96.02,97.408675,6248681.0,0.1232,8.1201
baremetal,8,06,xsbench_campaign/results/xsbench/baremetal/N8/sync/seed06,7,96.013,97.45846,6249126.0,0.1232,8.1195
baremetal,8,07,xsbench_campaign/results/xsbench/baremetal/N8/sync/seed07,0,97.782,99.245685,6136098.0,0.1209,8.2691
baremetal,8,07,xsbench_campaign/results/xsbench/baremetal/N8/sync/seed07,1,97.834,99.143949,6132839.0,0.1209,8.2735
baremetal,8,07,xsbench_campaign/results/xsbench/baremetal/N8/sync/seed07,2,97.777,99.195653,6136409.0,0.1209,8.2687
baremetal,8,07,xsbench_campaign/results/xsbench/baremetal/N8/sync/seed07,3,97.827,99.220319,6133279.0,0.1209,8.2729
baremetal,8,07,xsbench_campaign/results/xsbench/baremetal/N8/sync/seed07,4,97.781,99.168575,6136148.0,0.1209,8.269
baremetal,8,07,xsbench_campaign/results/xsbench/baremetal/N8/sync/seed07,5,97.778,99.292902,6136324.0,0.1209,8.2688
baremetal,8,07,xsbench_campaign/results/xsbench/baremetal/N8/sync/seed07,6,97.785,99.315059,6135940.0,0.1209,8.2693
baremetal,8,07,xsbench_campaign/results/xsbench/baremetal/N8/sync/seed07,7,97.777,99.268839,6136383.0,0.1209,8.2687
rdma,2,00,xsbench_campaign/results/xsbench/rdma/N2/sync/seed00,0,24.569,27.332,24421050.0,0.4881,2.0488
rdma,2,00,xsbench_campaign/results/xsbench/rdma/N2/sync/seed00,1,12.298,27.336008,48786735.0,0.9751,1.0255
rdma,2,01,xsbench_campaign/results/xsbench/rdma/N2/sync/seed01,0,12.314,27.032223,48723916.0,0.9739,1.0269
rdma,2,01,xsbench_campaign/results/xsbench/rdma/N2/sync/seed01,1,24.58,27.026911,24410273.0,0.4879,2.0497
rdma,2,02,xsbench_campaign/results/xsbench/rdma/N2/sync/seed02,0,24.762,27.344155,24231018.0,0.4843,2.0649
rdma,2,02,xsbench_campaign/results/xsbench/rdma/N2/sync/seed02,1,12.446,27.389827,48206478.0,0.9635,1.0379
rdma,2,03,xsbench_campaign/results/xsbench/rdma/N2/sync/seed03,0,24.888,27.482281,24107802.0,0.4818,2.0754
rdma,2,03,xsbench_campaign/results/xsbench/rdma/N2/sync/seed03,1,12.467,27.486204,48128387.0,0.9619,1.0396
rdma,2,04,xsbench_campaign/results/xsbench/rdma/N2/sync/seed04,0,12.436,27.20419,48247959.0,0.9643,1.037
rdma,2,04,xsbench_campaign/results/xsbench/rdma/N2/sync/seed04,1,24.781,27.199858,24211875.0,0.4839,2.0665
rdma,4,02,xsbench_campaign/results/xsbench/rdma/N4/sync/seed02,0,25.091,34.16643,23913310.0,0.4779,2.0923
rdma,4,02,xsbench_campaign/results/xsbench/rdma/N4/sync/seed02,1,12.67,34.462901,47357054.0,0.9465,1.0565
rdma,4,02,xsbench_campaign/results/xsbench/rdma/N4/sync/seed02,2,12.307,59.70739,48752076.0,0.9744,1.0263
rdma,4,02,xsbench_campaign/results/xsbench/rdma/N4/sync/seed02,3,24.693,59.703096,24298766.0,0.4856,2.0591
rdma,4,03,xsbench_campaign/results/xsbench/rdma/N4/sync/seed03,0,36.893,52.348529,16263328.0,0.325,3.0765
rdma,4,03,xsbench_campaign/results/xsbench/rdma/N4/sync/seed03,1,49.402,52.341856,12145247.0,0.2427,4.1196
rdma,4,03,xsbench_campaign/results/xsbench/rdma/N4/sync/seed03,2,36.893,52.394187,16263322.0,0.325,3.0765
rdma,4,03,xsbench_campaign/results/xsbench/rdma/N4/sync/seed03,3,36.893,52.496072,16263294.0,0.325,3.0765
rdma,4,04,xsbench_campaign/results/xsbench/rdma/N4/sync/seed04,0,36.94,52.803327,16242441.0,0.3246,3.0804
rdma,4,04,xsbench_campaign/results/xsbench/rdma/N4/sync/seed04,1,36.94,52.757631,16242459.0,0.3246,3.0804
rdma,4,04,xsbench_campaign/results/xsbench/rdma/N4/sync/seed04,2,49.349,52.751993,12158381.0,0.243,4.1152
rdma,4,04,xsbench_campaign/results/xsbench/rdma/N4/sync/seed04,3,36.94,53.166194,16242464.0,0.3246,3.0804
rdma,8,00,xsbench_campaign/results/xsbench/rdma/N8/sync/seed00,0,12.714,89.900745,47191693.0,0.9432,1.0602
rdma,8,00,xsbench_campaign/results/xsbench/rdma/N8/sync/seed00,1,37.369,90.013615,16056300.0,0.3209,3.1162
rdma,8,00,xsbench_campaign/results/xsbench/rdma/N8/sync/seed00,2,12.373,103.976052,48491882.0,0.9692,1.0318
rdma,8,00,xsbench_campaign/results/xsbench/rdma/N8/sync/seed00,3,25.019,89.967796,23981402.0,0.4793,2.0863
rdma,8,00,xsbench_campaign/results/xsbench/rdma/N8/sync/seed00,4,61.807,89.738273,9707638.0,0.194,5.154
rdma,8,00,xsbench_campaign/results/xsbench/rdma/N8/sync/seed00,5,49.719,90.111318,12067917.0,0.2412,4.146
rdma,8,00,xsbench_campaign/results/xsbench/rdma/N8/sync/seed00,6,49.931,89.381362,12016468.0,0.2402,4.1637
rdma,8,00,xsbench_campaign/results/xsbench/rdma/N8/sync/seed00,7,50.091,89.380443,11978081.0,0.2394,4.177
rdma,8,01,xsbench_campaign/results/xsbench/rdma/N8/sync/seed01,0,37.365,102.923913,16057899.0,0.3209,3.1158
rdma,8,01,xsbench_campaign/results/xsbench/rdma/N8/sync/seed01,1,12.847,103.367012,46704444.0,0.9334,1.0713
rdma,8,01,xsbench_campaign/results/xsbench/rdma/N8/sync/seed01,2,62.465,90.022255,9605440.0,0.192,5.2089
rdma,8,01,xsbench_campaign/results/xsbench/rdma/N8/sync/seed01,3,62.601,90.140191,9584525.0,0.1916,5.2202
rdma,8,01,xsbench_campaign/results/xsbench/rdma/N8/sync/seed01,4,62.721,102.500559,9566145.0,0.1912,5.2302
rdma,8,01,xsbench_campaign/results/xsbench/rdma/N8/sync/seed01,5,24.993,102.964192,24006360.0,0.4798,2.0841
rdma,8,01,xsbench_campaign/results/xsbench/rdma/N8/sync/seed01,6,50.091,102.505246,11978151.0,0.2394,4.177
rdma,8,01,xsbench_campaign/results/xsbench/rdma/N8/sync/seed01,7,50.059,102.918691,11985832.0,0.2396,4.1744
rdma,8,02,xsbench_campaign/results/xsbench/rdma/N8/sync/seed02,0,12.303,104.418931,48769789.0,0.9747,1.0259
rdma,8,02,xsbench_campaign/results/xsbench/rdma/N8/sync/seed02,1,38.001,65.775337,15788977.0,0.3156,3.1689
rdma,8,02,xsbench_campaign/results/xsbench/rdma/N8/sync/seed02,2,25.172,52.76587,23835799.0,0.4764,2.0991
rdma,8,02,xsbench_campaign/results/xsbench/rdma/N8/sync/seed02,3,25.529,65.971904,23502549.0,0.4697,2.1288
rdma,8,02,xsbench_campaign/results/xsbench/rdma/N8/sync/seed02,4,24.548,104.320965,24441967.0,0.4885,2.047
rdma,8,02,xsbench_campaign/results/xsbench/rdma/N8/sync/seed02,5,25.5,65.509523,23529302.0,0.4703,2.1264
rdma,8,02,xsbench_campaign/results/xsbench/rdma/N8/sync/seed02,6,12.879,66.185884,46589016.0,0.9311,1.074
rdma,8,02,xsbench_campaign/results/xsbench/rdma/N8/sync/seed02,7,25.081,104.272384,23922280.0,0.4781,2.0915
rdma,8,03,xsbench_campaign/results/xsbench/rdma/N8/sync/seed03,0,74.662,102.518937,8036188.0,0.1606,6.226
rdma,8,03,xsbench_campaign/results/xsbench/rdma/N8/sync/seed03,1,74.928,102.15874,8007727.0,0.16,6.2482
rdma,8,03,xsbench_campaign/results/xsbench/rdma/N8/sync/seed03,2,24.808,102.658551,24186079.0,0.4834,2.0687
rdma,8,03,xsbench_campaign/results/xsbench/rdma/N8/sync/seed03,3,62.784,102.158501,9556634.0,0.191,5.2355
rdma,8,03,xsbench_campaign/results/xsbench/rdma/N8/sync/seed03,4,62.399,102.462508,9615542.0,0.1922,5.2034
rdma,8,03,xsbench_campaign/results/xsbench/rdma/N8/sync/seed03,5,12.592,103.030134,47648725.0,0.9524,1.05
rdma,8,03,xsbench_campaign/results/xsbench/rdma/N8/sync/seed03,6,37.575,102.919448,15968170.0,0.3191,3.1333
rdma,8,03,xsbench_campaign/results/xsbench/rdma/N8/sync/seed03,7,49.612,102.514851,12093766.0,0.2417,4.1371
rdma,8,04,xsbench_campaign/results/xsbench/rdma/N8/sync/seed04,0,13.349,78.476172,44948638.0,0.8983,1.1132
rdma,8,04,xsbench_campaign/results/xsbench/rdma/N8/sync/seed04,1,49.775,65.076102,12054182.0,0.2409,4.1507
rdma,8,04,xsbench_campaign/results/xsbench/rdma/N8/sync/seed04,2,50.042,77.742056,11989842.0,0.2396,4.1729
rdma,8,04,xsbench_campaign/results/xsbench/rdma/N8/sync/seed04,3,50.042,77.852663,11989828.0,0.2396,4.1729
rdma,8,04,xsbench_campaign/results/xsbench/rdma/N8/sync/seed04,4,37.694,78.431234,15917701.0,0.3181,3.1433
rdma,8,04,xsbench_campaign/results/xsbench/rdma/N8/sync/seed04,5,24.561,104.161323,24429433.0,0.4883,2.0481
rdma,8,04,xsbench_campaign/results/xsbench/rdma/N8/sync/seed04,6,12.296,104.166227,48795895.0,0.9753,1.0254
rdma,8,04,xsbench_campaign/results/xsbench/rdma/N8/sync/seed04,7,12.665,77.925442,47372982.0,0.9469,1.0561
rdma_zc,2,00,xsbench_campaign/results/xsbench/rdma_zc/N2/sync/seed00,0,24.493,26.596671,24496680.0,0.4856,2.0591
rdma_zc,2,00,xsbench_campaign/results/xsbench/rdma_zc/N2/sync/seed00,1,12.293,26.599587,48809095.0,0.9676,1.0335
rdma_zc,2,01,xsbench_campaign/results/xsbench/rdma_zc/N2/sync/seed01,0,24.471,26.485354,24518785.0,0.4861,2.0573
rdma_zc,2,01,xsbench_campaign/results/xsbench/rdma_zc/N2/sync/seed01,1,12.29,26.489139,48818221.0,0.9679,1.0332
rdma_zc,2,02,xsbench_campaign/results/xsbench/rdma_zc/N2/sync/seed02,0,12.284,26.720529,48842800.0,0.9683,1.0327
rdma_zc,2,02,xsbench_campaign/results/xsbench/rdma_zc/N2/sync/seed02,1,24.464,26.717005,24525391.0,0.4862,2.0567
rdma_zc,2,03,xsbench_campaign/results/xsbench/rdma_zc/N2/sync/seed03,0,12.263,26.576776,48927564.0,0.97,1.0309
rdma_zc,2,03,xsbench_campaign/results/xsbench/rdma_zc/N2/sync/seed03,1,24.45,26.572603,24540376.0,0.4865,2.0555
rdma_zc,2,04,xsbench_campaign/results/xsbench/rdma_zc/N2/sync/seed04,0,12.281,26.501294,48854496.0,0.9686,1.0325
rdma_zc,2,04,xsbench_campaign/results/xsbench/rdma_zc/N2/sync/seed04,1,24.446,26.505582,24543620.0,0.4866,2.0551
rdma_zc,4,00,xsbench_campaign/results/xsbench/rdma_zc/N4/sync/seed00,0,49.109,51.494653,12217697.0,0.2422,4.1285
rdma_zc,4,00,xsbench_campaign/results/xsbench/rdma_zc/N4/sync/seed00,1,12.439,51.955898,48235163.0,0.9563,1.0457
rdma_zc,4,00,xsbench_campaign/results/xsbench/rdma_zc/N4/sync/seed00,2,49.11,51.487592,12217477.0,0.2422,4.1286
rdma_zc,4,00,xsbench_campaign/results/xsbench/rdma_zc/N4/sync/seed00,3,24.73,51.537507,24262499.0,0.481,2.079
rdma_zc,4,01,xsbench_campaign/results/xsbench/rdma_zc/N4/sync/seed01,0,37.13,51.951882,16159415.0,0.3204,3.1215
rdma_zc,4,01,xsbench_campaign/results/xsbench/rdma_zc/N4/sync/seed01,1,24.775,52.222412,24218351.0,0.4801,2.0828
rdma_zc,4,01,xsbench_campaign/results/xsbench/rdma_zc/N4/sync/seed01,2,12.489,52.372814,48041354.0,0.9524,1.0499
rdma_zc,4,01,xsbench_campaign/results/xsbench/rdma_zc/N4/sync/seed01,3,37.027,51.898908,16204517.0,0.3213,3.1128
rdma_zc,4,02,xsbench_campaign/results/xsbench/rdma_zc/N4/sync/seed02,0,24.879,52.071221,24117059.0,0.4781,2.0916
rdma_zc,4,02,xsbench_campaign/results/xsbench/rdma_zc/N4/sync/seed02,1,37.427,51.984195,16031124.0,0.3178,3.1464
rdma_zc,4,02,xsbench_campaign/results/xsbench/rdma_zc/N4/sync/seed02,2,12.401,52.187001,48382618.0,0.9592,1.0425
rdma_zc,4,02,xsbench_campaign/results/xsbench/rdma_zc/N4/sync/seed02,3,25.224,51.984436,23787278.0,0.4716,2.1206
rdma_zc,4,03,xsbench_campaign/results/xsbench/rdma_zc/N4/sync/seed03,0,12.518,52.387621,47932564.0,0.9502,1.0524
rdma_zc,4,03,xsbench_campaign/results/xsbench/rdma_zc/N4/sync/seed03,1,37.143,51.915106,16153628.0,0.3202,3.1226
rdma_zc,4,03,xsbench_campaign/results/xsbench/rdma_zc/N4/sync/seed03,2,24.84,52.126215,24154915.0,0.4789,2.0883
rdma_zc,4,03,xsbench_campaign/results/xsbench/rdma_zc/N4/sync/seed03,3,24.833,52.024072,24161471.0,0.479,2.0877
rdma_zc,4,04,xsbench_campaign/results/xsbench/rdma_zc/N4/sync/seed04,0,12.637,52.25716,47481119.0,0.9413,1.0624
rdma_zc,4,04,xsbench_campaign/results/xsbench/rdma_zc/N4/sync/seed04,1,37.046,51.781774,16195954.0,0.3211,3.1144
rdma_zc,4,04,xsbench_campaign/results/xsbench/rdma_zc/N4/sync/seed04,2,24.771,51.834857,24222110.0,0.4802,2.0825
rdma_zc,4,04,xsbench_campaign/results/xsbench/rdma_zc/N4/sync/seed04,3,37.044,52.049372,16196991.0,0.3211,3.1142
rdma_zc,8,00,xsbench_campaign/results/xsbench/rdma_zc/N8/sync/seed00,0,25.005,90.128216,23995520.0,0.4757,2.1021
rdma_zc,8,00,xsbench_campaign/results/xsbench/rdma_zc/N8/sync/seed00,1,62.209,102.923552,9644915.0,0.1912,5.2298
rdma_zc,8,00,xsbench_campaign/results/xsbench/rdma_zc/N8/sync/seed00,2,62.345,90.129944,9623808.0,0.1908,5.2413
rdma_zc,8,00,xsbench_campaign/results/xsbench/rdma_zc/N8/sync/seed00,3,37.636,103.279042,15942327.0,0.3161,3.164
rdma_zc,8,00,xsbench_campaign/results/xsbench/rdma_zc/N8/sync/seed00,4,62.58,103.074244,9587794.0,0.1901,5.261
rdma_zc,8,00,xsbench_campaign/results/xsbench/rdma_zc/N8/sync/seed00,5,38.048,90.128732,15769479.0,0.3126,3.1987
rdma_zc,8,00,xsbench_campaign/results/xsbench/rdma_zc/N8/sync/seed00,6,37.571,102.878168,15969633.0,0.3166,3.1586
rdma_zc,8,00,xsbench_campaign/results/xsbench/rdma_zc/N8/sync/seed00,7,12.909,103.482083,46480291.0,0.9215,1.0852
rdma_zc,8,01,xsbench_campaign/results/xsbench/rdma_zc/N8/sync/seed01,0,12.968,104.006376,46269037.0,0.9173,1.0902
rdma_zc,8,01,xsbench_campaign/results/xsbench/rdma_zc/N8/sync/seed01,1,62.22,103.401363,9643197.0,0.1912,5.2308
rdma_zc,8,01,xsbench_campaign/results/xsbench/rdma_zc/N8/sync/seed01,2,51.071,103.189926,11748288.0,0.2329,4.2935
rdma_zc,8,01,xsbench_campaign/results/xsbench/rdma_zc/N8/sync/seed01,3,25.851,90.593105,23210251.0,0.4601,2.1733
rdma_zc,8,01,xsbench_campaign/results/xsbench/rdma_zc/N8/sync/seed01,4,37.654,90.593929,15934576.0,0.3159,3.1655
rdma_zc,8,01,xsbench_campaign/results/xsbench/rdma_zc/N8/sync/seed01,5,62.459,103.499397,9606260.0,0.1904,5.2509
rdma_zc,8,01,xsbench_campaign/results/xsbench/rdma_zc/N8/sync/seed01,6,25.204,103.710821,23806053.0,0.4719,2.1189
rdma_zc,8,01,xsbench_campaign/results/xsbench/rdma_zc/N8/sync/seed01,7,37.568,103.596787,15970837.0,0.3166,3.1583
rdma_zc,8,02,xsbench_campaign/results/xsbench/rdma_zc/N8/sync/seed02,0,24.653,103.306704,24338241.0,0.4825,2.0726
rdma_zc,8,02,xsbench_campaign/results/xsbench/rdma_zc/N8/sync/seed02,1,49.38,103.305646,12150631.0,0.2409,4.1513
rdma_zc,8,02,xsbench_campaign/results/xsbench/rdma_zc/N8/sync/seed02,2,62.992,102.674386,9525013.0,0.1888,5.2957
rdma_zc,8,02,xsbench_campaign/results/xsbench/rdma_zc/N8/sync/seed02,3,61.889,103.134816,9694742.0,0.1922,5.2029
rdma_zc,8,02,xsbench_campaign/results/xsbench/rdma_zc/N8/sync/seed02,4,49.38,103.237204,12150631.0,0.2409,4.1513
rdma_zc,8,02,xsbench_campaign/results/xsbench/rdma_zc/N8/sync/seed02,5,50.43,102.652268,11897594.0,0.2359,4.2396
rdma_zc,8,02,xsbench_campaign/results/xsbench/rdma_zc/N8/sync/seed02,6,12.779,103.743769,46952849.0,0.9308,1.0743
rdma_zc,8,02,xsbench_campaign/results/xsbench/rdma_zc/N8/sync/seed02,7,87.465,102.674903,6859924.0,0.136,7.3531
rdma_zc,8,03,xsbench_campaign/results/xsbench/rdma_zc/N8/sync/seed03,0,49.452,102.45156,12132970.0,0.2405,4.1574
rdma_zc,8,03,xsbench_campaign/results/xsbench/rdma_zc/N8/sync/seed03,1,61.982,101.982471,9680212.0,0.1919,5.2108
rdma_zc,8,03,xsbench_campaign/results/xsbench/rdma_zc/N8/sync/seed03,2,24.698,102.476675,24293192.0,0.4816,2.0763
rdma_zc,8,03,xsbench_campaign/results/xsbench/rdma_zc/N8/sync/seed03,3,49.884,101.825649,12027880.0,0.2385,4.1937
rdma_zc,8,03,xsbench_campaign/results/xsbench/rdma_zc/N8/sync/seed03,4,62.016,101.981766,9674854.0,0.1918,5.2136
rdma_zc,8,03,xsbench_campaign/results/xsbench/rdma_zc/N8/sync/seed03,5,49.572,102.477661,12103629.0,0.24,4.1675
rdma_zc,8,03,xsbench_campaign/results/xsbench/rdma_zc/N8/sync/seed03,6,62.327,101.827443,9626636.0,0.1908,5.2398
rdma_zc,8,03,xsbench_campaign/results/xsbench/rdma_zc/N8/sync/seed03,7,12.73,102.478083,47131605.0,0.9344,1.0702
rdma_zc,8,04,xsbench_campaign/results/xsbench/rdma_zc/N8/sync/seed04,0,36.934,102.945594,16245389.0,0.3221,3.105
rdma_zc,8,04,xsbench_campaign/results/xsbench/rdma_zc/N8/sync/seed04,1,74.424,102.380581,8061880.0,0.1598,6.2567
rdma_zc,8,04,xsbench_campaign/results/xsbench/rdma_zc/N8/sync/seed04,2,36.946,102.942599,16239774.0,0.322,3.106
rdma_zc,8,04,xsbench_campaign/results/xsbench/rdma_zc/N8/sync/seed04,3,36.934,102.945407,16245360.0,0.3221,3.105
rdma_zc,8,04,xsbench_campaign/results/xsbench/rdma_zc/N8/sync/seed04,4,49.531,102.91572,12113676.0,0.2402,4.164
rdma_zc,8,04,xsbench_campaign/results/xsbench/rdma_zc/N8/sync/seed04,5,62.77,102.301927,9558732.0,0.1895,5.277
rdma_zc,8,04,xsbench_campaign/results/xsbench/rdma_zc/N8/sync/seed04,6,61.989,102.305224,9679202.0,0.1919,5.2113
rdma_zc,8,04,xsbench_campaign/results/xsbench/rdma_zc/N8/sync/seed04,7,75.0,102.301253,7999997.0,0.1586,6.3052
tcp,2,00,xsbench_campaign/results/xsbench/tcp/N2/sync/seed00,0,12.448,26.51447,48202090.0,0.9814,1.019
tcp,2,00,xsbench_campaign/results/xsbench/tcp/N2/sync/seed00,1,24.858,26.502248,24137457.0,0.4914,2.0349
tcp,2,01,xsbench_campaign/results/xsbench/tcp/N2/sync/seed01,0,51.386,52.381644,24325612.0,0.2377,4.2065
tcp,2,01,xsbench_campaign/results/xsbench/tcp/N2/sync/seed01,1,51.385,52.393659,24326361.0,0.2377,4.2064
tcp,2,02,xsbench_campaign/results/xsbench/tcp/N2/sync/seed02,0,51.177,52.151971,24424848.0,0.2387,4.1893
tcp,2,02,xsbench_campaign/results/xsbench/tcp/N2/sync/seed02,1,25.625,52.166323,48779640.0,0.4767,2.0977
tcp,2,10,xsbench_campaign/results/xsbench/tcp/N2/sync/seed10,0,12.238,27.157592,49026336.0,0.9982,1.0018
tcp,2,10,xsbench_campaign/results/xsbench/tcp/N2/sync/seed10,1,12.289,27.194367,48822768.0,0.9941,1.006
tcp,2,11,xsbench_campaign/results/xsbench/tcp/N2/sync/seed11,0,24.687,26.909219,24304451.0,0.4948,2.0209
tcp,2,11,xsbench_campaign/results/xsbench/tcp/N2/sync/seed11,1,12.4,26.933799,48387638.0,0.9852,1.0151
tcp,2,12,xsbench_campaign/results/xsbench/tcp/N2/sync/seed12,0,12.476,27.631642,48090964.0,0.9792,1.0213
tcp,2,12,xsbench_campaign/results/xsbench/tcp/N2/sync/seed12,1,24.862,27.610924,24133130.0,0.4914,2.0352
tcp,2,13,xsbench_campaign/results/xsbench/tcp/N2/sync/seed13,0,12.464,27.711699,48136726.0,0.9801,1.0203
tcp,2,13,xsbench_campaign/results/xsbench/tcp/N2/sync/seed13,1,24.831,27.724483,24163544.0,0.492,2.0327
tcp,4,00,xsbench_campaign/results/xsbench/tcp/N4/sync/seed00,0,36.918,50.718336,16252194.0,0.3309,3.0221
tcp,4,00,xsbench_campaign/results/xsbench/tcp/N4/sync/seed00,1,49.215,50.713198,12191348.0,0.2482,4.0287
tcp,4,00,xsbench_campaign/results/xsbench/tcp/N4/sync/seed00,2,36.937,50.722374,16243766.0,0.3307,3.0237
tcp,4,00,xsbench_campaign/results/xsbench/tcp/N4/sync/seed00,3,36.918,50.700303,16252210.0,0.3309,3.0221
tcp,4,01,xsbench_campaign/results/xsbench/tcp/N4/sync/seed01,0,102.546,103.561793,12189614.0,0.1191,8.3944
tcp,4,01,xsbench_campaign/results/xsbench/tcp/N4/sync/seed01,1,25.693,103.567262,48651063.0,0.4755,2.1032
tcp,4,01,xsbench_campaign/results/xsbench/tcp/N4/sync/seed01,2,76.956,103.575009,16242972.0,0.1587,6.2996
tcp,4,01,xsbench_campaign/results/xsbench/tcp/N4/sync/seed01,3,102.521,103.541616,12192607.0,0.1192,8.3924
tcp,4,02,xsbench_campaign/results/xsbench/tcp/N4/sync/seed02,0,102.727,103.755847,12168149.0,0.1189,8.4092
tcp,4,02,xsbench_campaign/results/xsbench/tcp/N4/sync/seed02,1,77.086,103.786402,16215576.0,0.1585,6.3102
tcp,4,02,xsbench_campaign/results/xsbench/tcp/N4/sync/seed02,2,102.725,103.769344,12168436.0,0.1189,8.4091
tcp,4,02,xsbench_campaign/results/xsbench/tcp/N4/sync/seed02,3,77.086,103.743817,16215627.0,0.1585,6.3102
tcp,4,10,xsbench_campaign/results/xsbench/tcp/N4/sync/seed10,0,24.824,53.690834,24169998.0,0.4921,2.0321
tcp,4,10,xsbench_campaign/results/xsbench/tcp/N4/sync/seed10,1,49.601,53.676203,12096459.0,0.2463,4.0603
tcp,4,10,xsbench_campaign/results/xsbench/tcp/N4/sync/seed10,2,49.61,53.698045,12094370.0,0.2462,4.0611
tcp,4,10,xsbench_campaign/results/xsbench/tcp/N4/sync/seed10,3,12.421,53.727608,48304173.0,0.9835,1.0168
tcp,4,11,xsbench_campaign/results/xsbench/tcp/N4/sync/seed11,0,37.214,52.413262,16123125.0,0.3283,3.0463
tcp,4,11,xsbench_campaign/results/xsbench/tcp/N4/sync/seed11,1,37.199,52.388232,16129253.0,0.3284,3.0451
tcp,4,11,xsbench_campaign/results/xsbench/tcp/N4/sync/seed11,2,49.595,52.401816,12097986.0,0.2463,4.0598
tcp,4,11,xsbench_campaign/results/xsbench/tcp/N4/sync/seed11,3,37.206,52.407377,16126446.0,0.3283,3.0457
tcp,4,12,xsbench_campaign/results/xsbench/tcp/N4/sync/seed12,0,36.886,52.576556,16266383.0,0.3312,3.0195
tcp,4,12,xsbench_campaign/results/xsbench/tcp/N4/sync/seed12,1,49.161,52.524512,12204801.0,0.2485,4.0243
tcp,4,12,xsbench_campaign/results/xsbench/tcp/N4/sync/seed12,2,36.885,52.547712,16266569.0,0.3312,3.0194
tcp,4,12,xsbench_campaign/results/xsbench/tcp/N4/sync/seed12,3,12.351,52.593505,48580513.0,0.9891,1.0111
tcp,4,13,xsbench_campaign/results/xsbench/tcp/N4/sync/seed13,0,24.669,52.383757,24321667.0,0.4952,2.0194
tcp,4,13,xsbench_campaign/results/xsbench/tcp/N4/sync/seed13,1,36.915,52.330515,16253528.0,0.3309,3.0219
tcp,4,13,xsbench_campaign/results/xsbench/tcp/N4/sync/seed13,2,24.662,52.358713,24328596.0,0.4953,2.0188
tcp,4,13,xsbench_campaign/results/xsbench/tcp/N4/sync/seed13,3,49.192,52.32102,12197142.0,0.2483,4.0269
ucx,2,00,xsbench_campaign/results/xsbench/ucx/N2/sync/seed00,0,12.45,27.044563,48191447.0,0.9747,1.026
ucx,2,00,xsbench_campaign/results/xsbench/ucx/N2/sync/seed00,1,24.829,27.040045,24165038.0,0.4887,2.0461
ucx,2,01,xsbench_campaign/results/xsbench/ucx/N2/sync/seed01,0,12.483,27.095407,48064879.0,0.9721,1.0287
ucx,2,01,xsbench_campaign/results/xsbench/ucx/N2/sync/seed01,1,24.908,27.091649,24089027.0,0.4872,2.0527
ucx,2,02,xsbench_campaign/results/xsbench/ucx/N2/sync/seed02,0,12.475,27.079555,48096574.0,0.9727,1.0281
ucx,2,02,xsbench_campaign/results/xsbench/ucx/N2/sync/seed02,1,24.856,27.077207,24139185.0,0.4882,2.0484
ucx,2,03,xsbench_campaign/results/xsbench/ucx/N2/sync/seed03,0,24.892,27.096054,24104032.0,0.4875,2.0513
ucx,2,03,xsbench_campaign/results/xsbench/ucx/N2/sync/seed03,1,12.483,27.099983,48066416.0,0.9721,1.0287
ucx,2,04,xsbench_campaign/results/xsbench/ucx/N2/sync/seed04,0,12.453,27.063116,48179575.0,0.9744,1.0262
ucx,2,04,xsbench_campaign/results/xsbench/ucx/N2/sync/seed04,1,24.832,27.059511,24162048.0,0.4887,2.0464
ucx,4,00,xsbench_campaign/results/xsbench/ucx/N4/sync/seed00,0,24.82,52.716899,24173984.0,0.4889,2.0454
ucx,4,00,xsbench_campaign/results/xsbench/ucx/N4/sync/seed00,1,24.814,52.666376,24180260.0,0.489,2.0449
ucx,4,00,xsbench_campaign/results/xsbench/ucx/N4/sync/seed00,2,49.441,52.652888,12135766.0,0.2454,4.0744
ucx,4,00,xsbench_campaign/results/xsbench/ucx/N4/sync/seed00,3,37.217,52.659975,16121766.0,0.326,3.067
ucx,4,01,xsbench_campaign/results/xsbench/ucx/N4/sync/seed01,0,37.146,52.648489,16152341.0,0.3267,3.0612
ucx,4,01,xsbench_campaign/results/xsbench/ucx/N4/sync/seed01,1,37.146,52.66676,16152321.0,0.3267,3.0612
ucx,4,01,xsbench_campaign/results/xsbench/ucx/N4/sync/seed01,2,49.82,52.660076,12043429.0,0.2436,4.1056
ucx,4,01,xsbench_campaign/results/xsbench/ucx/N4/sync/seed01,3,37.146,52.667979,16152328.0,0.3267,3.0612
ucx,4,02,xsbench_campaign/results/xsbench/ucx/N4/sync/seed02,0,49.377,52.640655,12151482.0,0.2458,4.0691
ucx,4,02,xsbench_campaign/results/xsbench/ucx/N4/sync/seed02,1,37.129,52.628188,16159796.0,0.3268,3.0598
ucx,4,02,xsbench_campaign/results/xsbench/ucx/N4/sync/seed02,2,37.129,52.620175,16159782.0,0.3268,3.0598
ucx,4,02,xsbench_campaign/results/xsbench/ucx/N4/sync/seed02,3,37.129,52.638592,16159778.0,0.3268,3.0598
ucx,4,03,xsbench_campaign/results/xsbench/ucx/N4/sync/seed03,0,37.168,52.440135,16143102.0,0.3265,3.063
ucx,4,03,xsbench_campaign/results/xsbench/ucx/N4/sync/seed03,1,49.59,52.43472,12099308.0,0.2447,4.0867
ucx,4,03,xsbench_campaign/results/xsbench/ucx/N4/sync/seed03,2,37.167,52.433509,16143139.0,0.3265,3.0629
ucx,4,03,xsbench_campaign/results/xsbench/ucx/N4/sync/seed03,3,12.342,52.442857,48614297.0,0.9832,1.0171
ucx,4,04,xsbench_campaign/results/xsbench/ucx/N4/sync/seed04,0,24.905,52.010388,24091081.0,0.4872,2.0524
ucx,4,04,xsbench_campaign/results/xsbench/ucx/N4/sync/seed04,1,49.804,51.999468,12047117.0,0.2436,4.1043
ucx,4,04,xsbench_campaign/results/xsbench/ucx/N4/sync/seed04,2,24.905,52.008585,24091216.0,0.4872,2.0524
ucx,4,04,xsbench_campaign/results/xsbench/ucx/N4/sync/seed04,3,37.175,51.998866,16139829.0,0.3264,3.0636
ucx,8,00,xsbench_campaign/results/xsbench/ucx/N8/sync/seed00,0,74.488,102.803943,8054945.0,0.1629,6.1385
ucx,8,00,xsbench_campaign/results/xsbench/ucx/N8/sync/seed00,1,99.644,102.784261,6021449.0,0.1218,8.2116
ucx,8,00,xsbench_campaign/results/xsbench/ucx/N8/sync/seed00,2,62.217,103.888339,9643602.0,0.195,5.1273
ucx,8,00,xsbench_campaign/results/xsbench/ucx/N8/sync/seed00,3,61.984,102.806264,9679974.0,0.1958,5.1081
ucx,8,00,xsbench_campaign/results/xsbench/ucx/N8/sync/seed00,4,62.003,103.184525,9676971.0,0.1957,5.1096
ucx,8,00,xsbench_campaign/results/xsbench/ucx/N8/sync/seed00,5,62.0,102.863068,9677429.0,0.1957,5.1094
ucx,8,00,xsbench_campaign/results/xsbench/ucx/N8/sync/seed00,6,61.989,102.857083,9679206.0,0.1958,5.1085
ucx,8,00,xsbench_campaign/results/xsbench/ucx/N8/sync/seed00,7,87.059,102.797466,6891890.0,0.1394,7.1745
ucx,8,01,xsbench_campaign/results/xsbench/ucx/N8/sync/seed01,0,75.081,90.810838,7991354.0,0.1616,6.1874
ucx,8,01,xsbench_campaign/results/xsbench/ucx/N8/sync/seed01,1,12.516,103.766157,47940346.0,0.9695,1.0314
ucx,8,01,xsbench_campaign/results/xsbench/ucx/N8/sync/seed01,2,74.984,90.8275,8001742.0,0.1618,6.1794
ucx,8,01,xsbench_campaign/results/xsbench/ucx/N8/sync/seed01,3,37.288,91.056231,16091076.0,0.3254,3.0729
ucx,8,01,xsbench_campaign/results/xsbench/ucx/N8/sync/seed01,4,49.797,90.835197,12048863.0,0.2437,4.1038
ucx,8,01,xsbench_campaign/results/xsbench/ucx/N8/sync/seed01,5,75.114,90.838054,7987831.0,0.1615,6.1901
ucx,8,01,xsbench_campaign/results/xsbench/ucx/N8/sync/seed01,6,37.288,103.337298,16091066.0,0.3254,3.0729
ucx,8,01,xsbench_campaign/results/xsbench/ucx/N8/sync/seed01,7,13.193,104.087729,45477184.0,0.9198,1.0872
ucx,8,02,xsbench_campaign/results/xsbench/ucx/N8/sync/seed02,0,12.566,104.188969,47746162.0,0.9657,1.0356
ucx,8,02,xsbench_campaign/results/xsbench/ucx/N8/sync/seed02,1,24.929,103.679795,24068510.0,0.4868,2.0544
ucx,8,02,xsbench_campaign/results/xsbench/ucx/N8/sync/seed02,2,49.976,103.03115,12005715.0,0.2428,4.1185
ucx,8,02,xsbench_campaign/results/xsbench/ucx/N8/sync/seed02,3,75.171,90.63459,7981849.0,0.1614,6.1948
ucx,8,02,xsbench_campaign/results/xsbench/ucx/N8/sync/seed02,4,50.068,103.021131,11983590.0,0.2424,4.1261
ucx,8,02,xsbench_campaign/results/xsbench/ucx/N8/sync/seed02,5,63.048,103.02146,9516550.0,0.1925,5.1958
ucx,8,02,xsbench_campaign/results/xsbench/ucx/N8/sync/seed02,6,62.239,103.034525,9640251.0,0.195,5.1291
ucx,8,02,xsbench_campaign/results/xsbench/ucx/N8/sync/seed02,7,37.408,103.247169,16039245.0,0.3244,3.0828
ucx,8,03,xsbench_campaign/results/xsbench/ucx/N8/sync/seed03,0,13.009,103.862576,46122422.0,0.9328,1.0721
ucx,8,03,xsbench_campaign/results/xsbench/ucx/N8/sync/seed03,1,50.094,90.841515,11977521.0,0.2422,4.1282
ucx,8,03,xsbench_campaign/results/xsbench/ucx/N8/sync/seed03,2,37.65,103.53419,15936440.0,0.3223,3.1027
ucx,8,03,xsbench_campaign/results/xsbench/ucx/N8/sync/seed03,3,37.446,90.502839,16022955.0,0.3241,3.0859
ucx,8,03,xsbench_campaign/results/xsbench/ucx/N8/sync/seed03,4,37.65,103.532826,15936427.0,0.3223,3.1027
ucx,8,03,xsbench_campaign/results/xsbench/ucx/N8/sync/seed03,5,25.188,90.358713,23821132.0,0.4818,2.0757
ucx,8,03,xsbench_campaign/results/xsbench/ucx/N8/sync/seed03,6,50.196,103.53456,11953223.0,0.2417,4.1366
ucx,8,03,xsbench_campaign/results/xsbench/ucx/N8/sync/seed03,7,25.335,103.538893,23682569.0,0.479,2.0878
ucx,8,04,xsbench_campaign/results/xsbench/ucx/N8/sync/seed04,0,61.851,103.037853,9700731.0,0.1962,5.0971
ucx,8,04,xsbench_campaign/results/xsbench/ucx/N8/sync/seed04,1,99.506,102.816405,6029768.0,0.1219,8.2003
ucx,8,04,xsbench_campaign/results/xsbench/ucx/N8/sync/seed04,2,61.847,103.038429,9701304.0,0.1962,5.0968
ucx,8,04,xsbench_campaign/results/xsbench/ucx/N8/sync/seed04,3,61.847,102.875134,9701304.0,0.1962,5.0968
ucx,8,04,xsbench_campaign/results/xsbench/ucx/N8/sync/seed04,4,61.846,102.823317,9701559.0,0.1962,5.0967
ucx,8,04,xsbench_campaign/results/xsbench/ucx/N8/sync/seed04,5,87.064,102.81472,6891465.0,0.1394,7.1749
ucx,8,04,xsbench_campaign/results/xsbench/ucx/N8/sync/seed04,6,74.622,102.82034,8040551.0,0.1626,6.1496
ucx,8,04,xsbench_campaign/results/xsbench/ucx/N8/sync/seed04,7,12.293,102.871099,48807658.0,0.9871,1.0131
