cell,rep,transfer,h2d_ms,h2d_GBps,device_ck_ok,host_ck_ok
assume,3,1,160.519,0.418,pass,pass
assume,3,2,9.079,7.392,pass,pass
assume,3,3,2.955,22.710,pass,pass
assume,3,4,2.945,22.784,pass,pass
assume,3,5,2.941,22.816,pass,pass
assume,3,6,2.943,22.801,pass,pass
assume,3,7,2.939,22.832,pass,pass
assume,3,8,2.941,22.818,pass,pass
assume,3,9,2.948,22.763,pass,pass
assume,3,10,2.947,22.768,pass,pass
assume,3,11,2.943,22.806,pass,pass
assume,3,12,2.941,22.819,pass,pass
assume,3,13,2.941,22.816,pass,pass
assume,3,14,2.938,22.839,pass,pass
assume,3,15,2.940,22.826,pass,pass
assume,3,16,2.935,22.861,pass,pass
flush,2,1,159.589,0.421,pass,pass
flush,2,2,8.661,7.748,pass,pass
flush,2,3,2.971,22.585,pass,pass
flush,2,4,2.950,22.751,pass,pass
flush,2,5,2.963,22.652,pass,pass
flush,2,6,2.956,22.704,pass,pass
flush,2,7,2.948,22.762,pass,pass
flush,2,8,2.952,22.731,pass,pass
flush,2,9,2.952,22.732,pass,pass
flush,2,10,2.951,22.743,pass,pass
flush,2,11,2.958,22.683,pass,pass
flush,2,12,2.951,22.738,pass,pass
flush,2,13,2.953,22.729,pass,pass
flush,2,14,2.946,22.777,pass,pass
flush,2,15,2.931,22.896,pass,pass
flush,2,16,2.953,22.723,pass,pass
fence,5,1,160.058,0.419,pass,pass
fence,5,2,9.264,7.244,pass,pass
fence,5,3,2.959,22.678,pass,pass
fence,5,4,2.938,22.838,pass,pass
fence,5,5,2.945,22.785,pass,pass
fence,5,6,2.944,22.794,pass,pass
fence,5,7,2.939,22.834,pass,pass
fence,5,8,2.943,22.805,pass,pass
fence,5,9,2.928,22.919,pass,pass
fence,5,10,2.938,22.842,pass,pass
fence,5,11,2.934,22.872,pass,pass
fence,5,12,2.939,22.837,pass,pass
fence,5,13,2.904,23.108,pass,pass
fence,5,14,2.944,22.798,pass,pass
fence,5,15,2.943,22.804,pass,pass
fence,5,16,2.942,22.810,pass,pass
assume,4,1,160.024,0.419,pass,pass
assume,4,2,8.832,7.599,pass,pass
assume,4,3,2.963,22.645,pass,pass
assume,4,4,2.958,22.691,pass,pass
assume,4,5,2.943,22.800,pass,pass
assume,4,6,2.944,22.797,pass,pass
assume,4,7,2.949,22.758,pass,pass
assume,4,8,2.948,22.761,pass,pass
assume,4,9,2.951,22.744,pass,pass
assume,4,10,2.949,22.759,pass,pass
assume,4,11,2.945,22.790,pass,pass
assume,4,12,2.939,22.835,pass,pass
assume,4,13,2.940,22.825,pass,pass
assume,4,14,2.941,22.819,pass,pass
assume,4,15,2.941,22.821,pass,pass
assume,4,16,2.944,22.794,pass,pass
flush,6,1,160.344,0.419,pass,pass
flush,6,2,9.053,7.413,pass,pass
flush,6,3,2.967,22.619,pass,pass
flush,6,4,2.946,22.783,pass,pass
flush,6,5,2.949,22.756,pass,pass
flush,6,6,2.953,22.723,pass,pass
flush,6,7,2.956,22.704,pass,pass
flush,6,8,2.951,22.739,pass,pass
flush,6,9,2.954,22.720,pass,pass
flush,6,10,2.952,22.730,pass,pass
flush,6,11,2.945,22.784,pass,pass
flush,6,12,2.950,22.752,pass,pass
flush,6,13,2.952,22.731,pass,pass
flush,6,14,2.948,22.765,pass,pass
flush,6,15,2.955,22.713,pass,pass
flush,6,16,2.954,22.722,pass,pass
assume,5,1,162.021,0.414,pass,pass
assume,5,2,8.757,7.663,pass,pass
assume,5,3,2.964,22.641,pass,pass
assume,5,4,2.950,22.748,pass,pass
assume,5,5,2.942,22.810,pass,pass
assume,5,6,2.940,22.826,pass,pass
assume,5,7,2.940,22.823,pass,pass
assume,5,8,2.943,22.803,pass,pass
assume,5,9,2.937,22.853,pass,pass
assume,5,10,2.937,22.852,pass,pass
assume,5,11,2.932,22.886,pass,pass
assume,5,12,2.937,22.849,pass,pass
assume,5,13,2.935,22.865,pass,pass
assume,5,14,2.942,22.810,pass,pass
assume,5,15,2.928,22.920,pass,pass
assume,5,16,2.934,22.871,pass,pass
strict,4,1,160.844,0.417,pass,pass
strict,4,2,9.827,6.829,pass,pass
strict,4,3,9.797,6.850,pass,pass
strict,4,4,9.862,6.805,pass,pass
strict,4,5,9.706,6.914,pass,pass
strict,4,6,9.742,6.888,pass,pass
strict,4,7,9.758,6.877,pass,pass
strict,4,8,9.726,6.900,pass,pass
strict,4,9,9.764,6.873,pass,pass
strict,4,10,9.763,6.874,pass,pass
strict,4,11,9.679,6.934,pass,pass
strict,4,12,9.723,6.902,pass,pass
strict,4,13,9.756,6.878,pass,pass
strict,4,14,9.771,6.868,pass,pass
strict,4,15,9.850,6.813,pass,pass
strict,4,16,9.745,6.887,pass,pass
strict,2,1,159.810,0.420,pass,pass
strict,2,2,9.711,6.911,pass,pass
strict,2,3,9.752,6.882,pass,pass
strict,2,4,9.765,6.872,pass,pass
strict,2,5,9.822,6.833,pass,pass
strict,2,6,9.704,6.915,pass,pass
strict,2,7,9.678,6.934,pass,pass
strict,2,8,9.750,6.883,pass,pass
strict,2,9,9.644,6.958,pass,pass
strict,2,10,9.728,6.899,pass,pass
strict,2,11,9.739,6.890,pass,pass
strict,2,12,9.781,6.861,pass,pass
strict,2,13,9.734,6.894,pass,pass
strict,2,14,9.821,6.833,pass,pass
strict,2,15,9.914,6.769,pass,pass
strict,2,16,9.803,6.846,pass,pass
flush,3,1,160.793,0.417,pass,pass
flush,3,2,8.775,7.648,pass,pass
flush,3,3,2.964,22.640,pass,pass
flush,3,4,2.938,22.838,pass,pass
flush,3,5,2.937,22.849,pass,pass
flush,3,6,2.943,22.799,pass,pass
flush,3,7,2.940,22.824,pass,pass
flush,3,8,2.942,22.810,pass,pass
flush,3,9,2.938,22.844,pass,pass
flush,3,10,2.938,22.842,pass,pass
flush,3,11,2.938,22.844,pass,pass
flush,3,12,2.938,22.841,pass,pass
flush,3,13,2.939,22.836,pass,pass
flush,3,14,2.939,22.831,pass,pass
flush,3,15,2.925,22.947,pass,pass
flush,3,16,2.934,22.876,pass,pass
flush,1,1,161.273,0.416,pass,pass
flush,1,2,8.887,7.551,pass,pass
flush,1,3,2.969,22.602,pass,pass
flush,1,4,2.958,22.690,pass,pass
flush,1,5,2.945,22.787,pass,pass
flush,1,6,2.954,22.715,pass,pass
flush,1,7,2.951,22.744,pass,pass
flush,1,8,2.946,22.783,pass,pass
flush,1,9,2.952,22.736,pass,pass
flush,1,10,2.942,22.809,pass,pass
flush,1,11,2.951,22.743,pass,pass
flush,1,12,2.956,22.703,pass,pass
flush,1,13,2.953,22.727,pass,pass
flush,1,14,2.955,22.713,pass,pass
flush,1,15,2.956,22.701,pass,pass
flush,1,16,2.947,22.769,pass,pass
flush,5,1,160.514,0.418,pass,pass
flush,5,2,9.080,7.391,pass,pass
flush,5,3,2.956,22.702,pass,pass
flush,5,4,2.944,22.791,pass,pass
flush,5,5,2.948,22.763,pass,pass
flush,5,6,2.941,22.816,pass,pass
flush,5,7,2.941,22.817,pass,pass
flush,5,8,2.940,22.829,pass,pass
flush,5,9,2.940,22.823,pass,pass
flush,5,10,2.941,22.820,pass,pass
flush,5,11,2.940,22.830,pass,pass
flush,5,12,2.940,22.828,pass,pass
flush,5,13,2.942,22.814,pass,pass
flush,5,14,2.942,22.812,pass,pass
flush,5,15,2.937,22.852,pass,pass
flush,5,16,2.940,22.827,pass,pass
fence,2,1,159.675,0.420,pass,pass
fence,2,2,8.560,7.840,pass,pass
fence,2,3,2.972,22.578,pass,pass
fence,2,4,2.947,22.774,pass,pass
fence,2,5,2.938,22.845,pass,pass
fence,2,6,2.944,22.797,pass,pass
fence,2,7,2.938,22.844,pass,pass
fence,2,8,2.949,22.756,pass,pass
fence,2,9,2.934,22.872,pass,pass
fence,2,10,2.939,22.833,pass,pass
fence,2,11,2.954,22.718,pass,pass
fence,2,12,2.958,22.687,pass,pass
fence,2,13,2.952,22.732,pass,pass
fence,2,14,2.948,22.765,pass,pass
fence,2,15,2.947,22.774,pass,pass
fence,2,16,2.941,22.816,pass,pass
strict,1,1,162.003,0.414,pass,pass
strict,1,2,10.276,6.531,pass,pass
strict,1,3,9.973,6.729,pass,pass
strict,1,4,9.940,6.752,pass,pass
strict,1,5,9.816,6.837,pass,pass
strict,1,6,9.923,6.763,pass,pass
strict,1,7,9.856,6.809,pass,pass
strict,1,8,9.858,6.807,pass,pass
strict,1,9,9.809,6.841,pass,pass
strict,1,10,9.806,6.844,pass,pass
strict,1,11,9.883,6.790,pass,pass
strict,1,12,9.884,6.789,pass,pass
strict,1,13,9.919,6.766,pass,pass
strict,1,14,9.847,6.815,pass,pass
strict,1,15,9.839,6.821,pass,pass
strict,1,16,9.921,6.764,pass,pass
strict,6,1,161.460,0.416,pass,pass
strict,6,2,10.283,6.526,pass,pass
strict,6,3,9.806,6.843,pass,pass
strict,6,4,9.772,6.868,pass,pass
strict,6,5,9.793,6.853,pass,pass
strict,6,6,9.728,6.898,pass,pass
strict,6,7,9.777,6.864,pass,pass
strict,6,8,9.840,6.820,pass,pass
strict,6,9,9.901,6.778,pass,pass
strict,6,10,9.823,6.832,pass,pass
strict,6,11,9.921,6.765,pass,pass
strict,6,12,9.826,6.829,pass,pass
strict,6,13,9.826,6.829,pass,pass
strict,6,14,9.836,6.823,pass,pass
strict,6,15,9.816,6.836,pass,pass
strict,6,16,9.892,6.784,pass,pass
assume,1,1,161.911,0.414,pass,pass
assume,1,2,9.175,7.314,pass,pass
assume,1,3,2.967,22.615,pass,pass
assume,1,4,2.936,22.859,pass,pass
assume,1,5,2.931,22.899,pass,pass
assume,1,6,2.939,22.835,pass,pass
assume,1,7,2.936,22.861,pass,pass
assume,1,8,2.936,22.857,pass,pass
assume,1,9,2.936,22.858,pass,pass
assume,1,10,2.939,22.834,pass,pass
assume,1,11,2.939,22.834,pass,pass
assume,1,12,2.943,22.801,pass,pass
assume,1,13,2.933,22.877,pass,pass
assume,1,14,2.935,22.867,pass,pass
assume,1,15,2.938,22.841,pass,pass
assume,1,16,2.929,22.912,pass,pass
assume,6,1,160.237,0.419,pass,pass
assume,6,2,8.659,7.750,pass,pass
assume,6,3,2.964,22.639,pass,pass
assume,6,4,2.937,22.850,pass,pass
assume,6,5,2.941,22.820,pass,pass
assume,6,6,2.958,22.688,pass,pass
assume,6,7,2.947,22.771,pass,pass
assume,6,8,2.948,22.767,pass,pass
assume,6,9,2.953,22.725,pass,pass
assume,6,10,2.947,22.775,pass,pass
assume,6,11,2.938,22.840,pass,pass
assume,6,12,2.945,22.787,pass,pass
assume,6,13,2.944,22.793,pass,pass
assume,6,14,2.938,22.845,pass,pass
assume,6,15,2.943,22.803,pass,pass
assume,6,16,2.949,22.759,pass,pass
strict,3,1,160.699,0.418,pass,pass
strict,3,2,10.292,6.520,pass,pass
strict,3,3,9.729,6.898,pass,pass
strict,3,4,9.778,6.863,pass,pass
strict,3,5,9.708,6.913,pass,pass
strict,3,6,9.787,6.857,pass,pass
strict,3,7,9.713,6.909,pass,pass
strict,3,8,9.757,6.878,pass,pass
strict,3,9,9.782,6.860,pass,pass
strict,3,10,9.854,6.810,pass,pass
strict,3,11,9.692,6.924,pass,pass
strict,3,12,9.683,6.931,pass,pass
strict,3,13,9.709,6.912,pass,pass
strict,3,14,9.777,6.864,pass,pass
strict,3,15,9.722,6.903,pass,pass
strict,3,16,9.720,6.904,pass,pass
fence,3,1,161.638,0.415,pass,pass
fence,3,2,8.779,7.644,pass,pass
fence,3,3,2.971,22.586,pass,pass
fence,3,4,2.935,22.863,pass,pass
fence,3,5,2.936,22.858,pass,pass
fence,3,6,2.937,22.853,pass,pass
fence,3,7,2.938,22.840,pass,pass
fence,3,8,2.938,22.840,pass,pass
fence,3,9,2.940,22.827,pass,pass
fence,3,10,2.942,22.814,pass,pass
fence,3,11,2.945,22.786,pass,pass
fence,3,12,2.940,22.824,pass,pass
fence,3,13,2.933,22.879,pass,pass
fence,3,14,2.932,22.891,pass,pass
fence,3,15,2.939,22.834,pass,pass
fence,3,16,2.937,22.850,pass,pass
fence,4,1,160.945,0.417,pass,pass
fence,4,2,9.300,7.216,pass,pass
fence,4,3,2.958,22.690,pass,pass
fence,4,4,2.946,22.779,pass,pass
fence,4,5,2.945,22.788,pass,pass
fence,4,6,2.941,22.815,pass,pass
fence,4,7,2.928,22.921,pass,pass
fence,4,8,2.957,22.698,pass,pass
fence,4,9,2.959,22.681,pass,pass
fence,4,10,2.955,22.710,pass,pass
fence,4,11,2.957,22.692,pass,pass
fence,4,12,2.954,22.720,pass,pass
fence,4,13,2.948,22.763,pass,pass
fence,4,14,2.949,22.755,pass,pass
fence,4,15,2.955,22.710,pass,pass
fence,4,16,2.948,22.764,pass,pass
flush,4,1,161.524,0.415,pass,pass
flush,4,2,8.695,7.718,pass,pass
flush,4,3,2.964,22.640,pass,pass
flush,4,4,2.939,22.834,pass,pass
flush,4,5,2.939,22.831,pass,pass
flush,4,6,2.936,22.858,pass,pass
flush,4,7,2.933,22.879,pass,pass
flush,4,8,2.942,22.812,pass,pass
flush,4,9,2.944,22.793,pass,pass
flush,4,10,2.943,22.804,pass,pass
flush,4,11,2.935,22.867,pass,pass
flush,4,12,2.938,22.844,pass,pass
flush,4,13,2.939,22.835,pass,pass
flush,4,14,2.942,22.814,pass,pass
flush,4,15,2.936,22.857,pass,pass
flush,4,16,2.940,22.826,pass,pass
strict,5,1,160.582,0.418,pass,pass
strict,5,2,9.895,6.782,pass,pass
strict,5,3,9.815,6.838,pass,pass
strict,5,4,9.861,6.805,pass,pass
strict,5,5,9.892,6.784,pass,pass
strict,5,6,9.829,6.827,pass,pass
strict,5,7,9.865,6.803,pass,pass
strict,5,8,9.840,6.820,pass,pass
strict,5,9,9.936,6.754,pass,pass
strict,5,10,9.899,6.779,pass,pass
strict,5,11,9.882,6.791,pass,pass
strict,5,12,9.855,6.810,pass,pass
strict,5,13,9.906,6.774,pass,pass
strict,5,14,9.834,6.824,pass,pass
strict,5,15,9.825,6.830,pass,pass
strict,5,16,9.831,6.826,pass,pass
fence,6,1,161.266,0.416,pass,pass
fence,6,2,8.754,7.666,pass,pass
fence,6,3,2.972,22.583,pass,pass
fence,6,4,2.937,22.846,pass,pass
fence,6,5,2.940,22.827,pass,pass
fence,6,6,2.942,22.809,pass,pass
fence,6,7,2.943,22.806,pass,pass
fence,6,8,2.948,22.765,pass,pass
fence,6,9,2.943,22.803,pass,pass
fence,6,10,2.949,22.756,pass,pass
fence,6,11,2.950,22.748,pass,pass
fence,6,12,2.947,22.775,pass,pass
fence,6,13,2.941,22.818,pass,pass
fence,6,14,2.935,22.866,pass,pass
fence,6,15,2.940,22.823,pass,pass
fence,6,16,2.937,22.849,pass,pass
assume,2,1,161.291,0.416,pass,pass
assume,2,2,8.907,7.534,pass,pass
assume,2,3,2.966,22.630,pass,pass
assume,2,4,2.946,22.777,pass,pass
assume,2,5,2.945,22.789,pass,pass
assume,2,6,2.948,22.768,pass,pass
assume,2,7,2.955,22.711,pass,pass
assume,2,8,2.952,22.735,pass,pass
assume,2,9,2.954,22.718,pass,pass
assume,2,10,2.953,22.727,pass,pass
assume,2,11,2.955,22.711,pass,pass
assume,2,12,2.950,22.747,pass,pass
assume,2,13,2.942,22.811,pass,pass
assume,2,14,2.940,22.825,pass,pass
assume,2,15,2.947,22.771,pass,pass
assume,2,16,2.946,22.779,pass,pass
fence,1,1,161.224,0.416,pass,pass
fence,1,2,9.202,7.293,pass,pass
fence,1,3,2.976,22.547,pass,pass
fence,1,4,2.941,22.815,pass,pass
fence,1,5,2.937,22.852,pass,pass
fence,1,6,2.948,22.763,pass,pass
fence,1,7,2.937,22.849,pass,pass
fence,1,8,2.936,22.858,pass,pass
fence,1,9,2.940,22.823,pass,pass
fence,1,10,2.942,22.811,pass,pass
fence,1,11,2.942,22.811,pass,pass
fence,1,12,2.935,22.865,pass,pass
fence,1,13,2.941,22.820,pass,pass
fence,1,14,2.942,22.814,pass,pass
fence,1,15,2.941,22.821,pass,pass
fence,1,16,2.931,22.898,pass,pass
