workload,regime,metric,transport,baseline,prototype,speedup,note
llama-tinyllama-1.1b,launch-bound,tg16_tokens_per_s,rdma,8.04,11.64,1.45,token generation
llama-tinyllama-1.1b,launch-bound,tg16_tokens_per_s,rdma-gpudirect,7.96,11.53,1.45,token generation
llama-tinyllama-1.1b,launch-bound,tg16_tokens_per_s,tcp,3.58,5.35,1.49,token generation (noisy)
llama-tinyllama-1.1b,launch-bound,pp8_tokens_per_s,rdma,50.62,69.48,1.37,prompt eval
babelstream,launch-overhead-bound,triad_mbytes_per_s,rdma,30217,49404,1.64,size 262144 (small); prototype mean of 3 runs
babelstream,launch-overhead-bound,copy_mbytes_per_s,rdma,20271,33060,1.63,size 262144 (small)
babelstream,bandwidth-bound,triad_mbytes_per_s,rdma,614358,648637,1.06,size 33554432 (large)
babelstream,bandwidth-bound,copy_mbytes_per_s,rdma,632518,695303,1.10,size 33554432 (large)
minibude,compute-bound,gflops,rdma,216.0,216.5,1.00,deck bm1 iter 8; no change (as expected)
